Date,High,Low,Open,Close,Volume,Adj Close
2017-01-03,167.8699951,166.0099945,167,167.1900024,2934300,145.416626
2017-01-04,169.8699951,167.3600006,167.7700043,169.2599945,3381400,147.217041
2017-01-05,169.3899994,167.2599945,169.25,168.6999969,2682300,146.72995
2017-01-06,169.9199982,167.5200043,168.6900024,169.5299988,2945500,147.4518433
2017-01-09,169.8000031,167.6199951,169.4700012,167.6499939,3189900,145.8166809
2017-01-10,168.0899963,165.3399963,167.9799957,165.5200043,4118700,143.9641113
2017-01-11,167.7599945,165.6000061,166.0500031,167.75,3599500,145.9036407
2017-01-12,168.0099945,165.5599976,167.7700043,167.9499969,2927500,146.0776367
2017-01-13,168.4799957,166.8800049,167.9700012,167.3399963,2875400,145.5470734
2017-01-17,168.1799927,166.1199951,166.6900024,167.8899994,3315700,146.0254364
2017-01-18,168.5899963,166.6900024,167.4499969,166.8000031,4007800,145.0773773
2017-01-19,167.4499969,165.8000031,166.9600067,166.8099976,6963400,145.0860901
2017-01-20,170.6399994,166,167.8099976,170.5500031,12690000,148.3390198
2017-01-23,171.25,170.0099945,170.0800018,171.0299988,5478200,148.7565308
2017-01-24,176,171.1600037,171.3600006,175.8999939,6952400,152.9922791
2017-01-25,179.25,176.1300049,176.2599945,178.2899933,5922500,155.0710144
2017-01-26,178.8800049,177.5099945,178.0599976,178.6600037,3063900,155.3928375
2017-01-27,179.1999969,177.3000031,178.4700012,177.3000031,3482300,154.2099457
2017-01-30,177.0700073,174.5800018,176.9799957,175.8000031,4094800,152.9053345
2017-01-31,175.5800018,173.6100006,175.0500031,174.5200043,4139000,151.7920074
2017-02-01,175.6999969,172.8899994,175,174.2899933,2795700,151.5919495
2017-02-02,174.9700012,173.5500031,174.2299957,174.5800018,2620500,151.844223
2017-02-03,176.3399963,174.8899994,175,175.8200073,3309300,152.9227295
2017-02-06,175.9799957,174.3800049,175.3099976,175.8600006,2650800,152.9574738
2017-02-07,178.6199951,175.8999939,176,178.4600067,3873500,155.2189178
2017-02-08,177.5,175.8800049,177.5,176.1699982,2913100,154.4386902
2017-02-09,177.8000031,175.9100037,176.1699982,177.2100067,3090700,155.3504181
2017-02-10,178.8699951,176.7599945,177.3699951,178.6799927,2930700,156.6390533
2017-02-13,179.8999939,178.8399963,179.2400055,179.3600006,3093400,157.2351837
2017-02-14,180.1300049,178.3500061,178.5700073,180.1300049,2776500,157.910202
2017-02-15,181.9199982,179.8099976,180.1999969,181.6799927,2914300,159.2689819
2017-02-16,182.7899933,180.8699951,181.4499969,181.4299927,3251500,159.0498047
2017-02-17,181.5700073,180,181.25,180.6699982,3552500,158.3835907
2017-02-21,180.7899933,179.1199951,180.6000061,180.2599945,4480300,158.0241852
2017-02-22,181.3399963,180.0899963,180.0899963,181.1499939,3020500,158.8043518
2017-02-23,182.5,180.9199982,182,181.6499939,2282500,159.2427216
2017-02-24,181.4900055,179.8899994,180.2100067,181.3500061,3300100,158.9797058
2017-02-27,181.25,179.2799988,181.1900024,179.3999939,3691300,157.2702179
2017-02-28,180.6300049,179.3500061,179.3800049,179.8200073,3273400,157.6384583
2017-03-01,182.5500031,180.0299988,180.4799957,181.9499969,3005600,159.505722
2017-03-02,181.8800049,180.4299927,181.8800049,180.5299988,2918200,158.260849
2017-03-03,181.3200073,179.7599945,180.5299988,180.0500031,1822000,157.8400726
2017-03-06,180.9900055,179.5700073,179.7200012,180.4700012,3204400,158.2082825
2017-03-07,181.2899933,180.1999969,180.7100067,180.3800049,2980500,158.1293488
2017-03-08,180.9499969,179.3000031,180.75,179.4499969,3557400,157.3140564
2017-03-09,179.25,175.8800049,179.1499939,177.1799927,5444100,155.3240814
2017-03-10,179.4900055,177.4199982,178.2100067,177.8300018,3100300,155.8939209
2017-03-13,178.0599976,176.4199982,177.8500061,176.4600067,3482200,154.6929016
2017-03-14,176.8200073,175.2100067,176.1799927,175.7200012,3147500,154.0441742
2017-03-15,176.2799988,174.75,175.7100067,175.8099976,3815500,154.1230927
2017-03-16,179,176.8200073,178.4600067,177.2400055,4311800,155.3766632
2017-03-17,176.7899933,175.6499939,176.2899933,175.6499939,5921000,153.9828186
2017-03-20,176.1799927,175.1399994,175.6499939,175.6999969,2476100,154.0266571
2017-03-21,176.2299957,173.8399963,176.0099945,173.8800049,3927700,152.4311829
2017-03-22,175.0599976,172.8000031,174.0399933,174.7799988,3450500,153.2201538
2017-03-23,175.6699982,173.5599976,174.4299927,174.8200073,3740000,153.255249
2017-03-24,175.5,173.3899994,175.1199951,173.8300018,3221700,152.3873291
2017-03-27,174.1600037,172.0899963,172.6900024,173.7700043,3259000,152.3347473
2017-03-28,175,173,173.9400024,174.5099945,3523900,152.9834442
2017-03-29,174.4900055,173.4600067,174.3000031,173.9400024,3085600,152.4837646
2017-03-30,174.5899963,173.6900024,173.8600006,173.8600006,3168300,152.4136353
2017-03-31,174.9499969,173.6900024,173.9799957,174.1399994,2913700,152.6590729
2017-04-03,174.8699951,173.3800049,173.8200073,174.5,4286500,152.9746704
2017-04-04,174.9600067,173.2599945,173.5200043,174.5200043,3108900,152.992218
2017-04-05,176.3300018,172.8099976,174.6999969,172.8800049,6238900,151.5545197
2017-04-06,173.4700012,172.25,173.4700012,172.4499969,3435400,151.1775513
2017-04-07,172.9299927,171.2799988,172.0800018,172.1399994,3588300,150.9057922
2017-04-10,172.5599976,171,172.5299988,171.1999969,3789900,150.0817413
2017-04-11,171.2299957,168.9799957,170.6499939,170.5800018,4891900,149.5382233
2017-04-12,171.1999969,170.0200043,171.0399933,170.6600037,3276900,149.6083527
2017-04-13,171.3600006,169.5299988,169.9199982,169.5299988,3205500,148.6177368
2017-04-17,171.3000031,169.6199951,169.75,171.1000061,3720200,149.9940796
2017-04-18,171.6900024,169.8300018,170.7899933,170.0500031,6345500,149.0736237
2017-04-19,162.6399994,159.6000061,161.7599945,161.6900024,19284300,141.7448425
2017-04-20,162.3999939,160.5,161.3200073,162.3000031,6486800,142.2796021
2017-04-21,162.1100006,160.3800049,162.0500031,160.3800049,5607800,140.5964508
2017-04-24,161.5700073,160.4199982,161.2899933,160.75,5320600,140.9207916
2017-04-25,162.0399933,160.3800049,161.7799988,160.3899994,4860400,140.6052399
2017-04-26,161.1000061,159.8899994,160.5299988,160.0599976,4327800,140.3159027
2017-04-27,160.4799957,159.6300049,160.2899933,160.3200073,4122600,140.5438385
2017-04-28,160.5899963,159.6999969,160.5,160.2899933,4154100,140.5175323
2017-05-01,160.4199982,158.6999969,160.0500031,158.8399963,4935300,139.2464142
2017-05-02,159.4900055,158.6399994,159.4400024,159.1000061,3208200,139.47435
2017-05-03,159.4499969,158.5200043,158.7400055,158.6300049,3993300,139.0623169
2017-05-04,159.1399994,158.3600006,158.8899994,159.0500031,4280600,139.4305115
2017-05-05,155.7799988,153,153.5200043,155.0500031,12521300,135.9239197
2017-05-08,153.4700012,152.1999969,152.8000031,153.0299988,7492000,135.4636078
2017-05-09,153.1000061,151.5599976,152.6000061,152.1100006,6853000,134.6492157
2017-05-10,152.3699951,151.1300049,151.6499939,151.25,4999900,133.8879395
2017-05-11,151.1499939,149.7899933,151.0500031,150.6499939,5627900,133.3568115
2017-05-12,151.2599945,150,150.3000031,150.3699951,3715300,133.1089478
2017-05-15,151.8300018,150.4499969,150.6199951,151.5099945,4245500,134.118103
2017-05-16,153.9900055,151.6600037,151.6600037,153.6799927,5513700,136.0389862
2017-05-17,154.1399994,150.8899994,153.3000031,150.9299927,5191500,133.6046753
2017-05-18,151.3300018,150.1100006,150.8600006,150.7799988,3274200,133.4719086
2017-05-19,152.4600067,150.8899994,151.0099945,151.9799957,5643000,134.5341492
2017-05-22,152.8399963,151.6000061,152.1000061,152.6399994,3302100,135.1183624
2017-05-23,153.6799927,151.9199982,152.5700073,152.0299988,2564500,134.5783997
2017-05-24,152.7599945,151.2299957,152.2100067,152.5099945,3732400,135.0033112
2017-05-25,153.7299957,152.9499969,153.25,153.1999969,2582700,135.6141052
2017-05-26,153,152.0599976,152.8500061,152.4900055,2443300,134.9855957
2017-05-30,152.6699982,151.5899963,151.9499969,151.7299957,3666000,134.3128052
2017-05-31,152.8000031,151.6499939,152.0299988,152.6300049,3543400,135.1095581
2017-06-01,152.8699951,151.6300049,152.8000031,152.6699982,2918100,135.1449432
2017-06-02,153.1999969,151.8000031,153.0700073,152.0500031,3585700,134.5961151
2017-06-05,152.9299927,151.6799927,151.8200073,152.4100037,3975100,134.9147949
2017-06-06,152.8899994,152,152,152.3699951,3797200,134.879364
2017-06-07,154.1999969,150.8000031,153.0500031,150.9799957,4865700,133.648941
2017-06-08,152.8200073,150.9199982,151,152.1000061,3709000,134.6403503
2017-06-09,154.2599945,151.8800049,152,154.1000061,4361500,136.4107971
2017-06-12,157.1999969,154.0200043,154.1900024,155.1799927,6471500,137.366806
2017-06-13,155.4799957,154.1499939,155.4400024,154.25,3523500,136.5435791
2017-06-14,154.9400024,152.9400024,153.9700012,153.8099976,3049100,136.154068
2017-06-15,154.6900024,153.2899933,153.2899933,154.2200012,4654300,136.5170135
2017-06-16,155.4199982,152.9700012,154.2299957,155.3800049,6742000,137.5438538
2017-06-19,155.8600006,154.5399933,155.5099945,154.8399963,4629500,137.0658569
2017-06-20,155.3899994,154.25,154.4799957,154.9499969,4481700,137.1632233
2017-06-21,155.7899933,153.3899994,155.7899933,153.7899933,3959700,136.1363678
2017-06-22,154.9900055,153.6900024,154.5500031,154.3999939,2376500,136.6763458
2017-06-23,154.6799927,153.8000031,154.3399963,154.1100006,3282200,136.4196472
2017-06-26,155.75,154.6300049,154.7100067,155.2299957,2153500,137.4110718
2017-06-27,155.3399963,154.5,155,154.75,2386500,136.9861603
2017-06-28,155.5500031,154.7799988,155.1499939,155.3200073,2221000,137.4907532
2017-06-29,155.7400055,153.6199951,155.3500061,154.1300049,3262200,136.4373627
2017-06-30,154.5,153.1399994,154.2799988,153.8300018,3571500,136.1717834
2017-07-03,156.0299988,153.5200043,153.5800018,155.5800018,2822500,137.7208862
2017-07-05,155.8899994,153.6300049,155.7700043,153.6699982,3564400,136.0301361
2017-07-06,153.8300018,152.2299957,153.3600006,152.3600006,2757500,134.8705597
2017-07-07,153.4900055,152.1399994,152.6199951,152.9400024,2460100,135.3839569
2017-07-10,153.8899994,152.6300049,152.9100037,153.4199982,3206200,135.8088226
2017-07-11,153.6499939,152.0500031,153.2599945,153.1900024,3447500,135.6052551
2017-07-12,154.2400055,153.0500031,153.4799957,153.6999969,3097900,136.0567169
2017-07-13,154.1900024,153.1900024,153.6999969,153.6300049,2476100,135.9947662
2017-07-14,154.6199951,153.3999939,154.0099945,154.2400055,3256400,136.534729
2017-07-17,153.8800049,152.2400055,153.5899963,153.0099945,4762600,135.4459076
2017-07-18,154.2899933,152,152.3600006,154,7566800,136.3222656
2017-07-19,150.25,146.7100067,150.0200043,147.5299988,14293600,130.5949402
2017-07-20,148.8300018,147.0299988,147.5299988,147.6600037,7212200,130.7100372
2017-07-21,147.8699951,146.5099945,147.5899963,147.0800018,6509500,130.1966095
2017-07-24,147.0399933,145.8000031,147,145.9900055,3877600,129.2317657
2017-07-25,147.4900055,146.0299988,146.5700073,146.1900024,4208900,129.4087982
2017-07-26,146.4600067,144.4700012,146.2700043,145.3600006,3932400,128.674057
2017-07-27,145.3999939,143.6399994,145,145.0700073,6430800,128.4173889
2017-07-28,145.0399933,143.8399963,144.8099976,144.2899933,3054800,127.7268677
2017-07-31,144.9299927,144.1699982,144.3800049,144.6699982,4355700,128.0632629
2017-08-01,145.6699982,144.7200012,145,145.3000031,3219500,128.6209564
2017-08-02,145.2899933,144.2200012,145.1199951,144.4499969,3540900,127.8685074
2017-08-03,145.3399963,144.4299927,144.4299927,144.9400024,3035400,128.3022766
2017-08-04,145.3899994,144.3999939,145,145.1600037,2549400,128.4970245
2017-08-07,145.0899963,142.75,145,143.4700012,4618300,127.0009995
2017-08-08,142.7599945,142,142,142.1100006,3298700,127.1262589
2017-08-09,142.0299988,141.1900024,141.75,141.7700043,2925800,126.8221054
2017-08-10,142.4199982,141.2299957,141.6399994,141.8399963,4525400,126.8846893
2017-08-11,142.5899963,141.5200043,142.4499969,141.8399963,3004000,126.8846893
2017-08-14,142.7599945,141.9400024,142,142.3200073,2248600,127.3141251
2017-08-15,143.3399963,140.5800018,142.5500031,142.0700073,4681500,127.0904922
2017-08-16,142.9100037,141.6100006,141.7899933,142.5,3287800,127.4751358
2017-08-17,142.8899994,140.6999969,142.5200043,140.6999969,4422100,125.8649063
2017-08-18,141.1499939,139.5800018,140.8699951,139.6999969,4152700,124.9703751
2017-08-21,140.4199982,139.1300049,139.5899963,140.3300018,3190700,125.5339127
2017-08-22,141.1499939,140.3800049,140.6399994,141.0099945,2544400,126.1422195
2017-08-23,143.0500031,140.6799927,140.6999969,142.1399994,4048300,127.1530762
2017-08-24,143.6799927,142.25,142.5,142.9400024,3592200,127.8687363
2017-08-25,144.1900024,143.25,143.3000031,143.7400055,2872900,128.5843811
2017-08-28,144.5599976,142.3899994,144.1100006,142.5099945,5086000,127.4840775
2017-08-29,143.4299927,141.8999939,142.1000061,143.1399994,3009500,128.0476532
2017-08-30,143.2799988,142.4100037,143.2599945,142.5599976,2736000,127.5288239
2017-08-31,143.6600037,142.6300049,143.0200043,143.0299988,3656400,127.9492493
2017-09-01,144.5,142.9799957,142.9799957,144.0800018,3351700,128.8885345
2017-09-05,144.3600006,142.6999969,143.5,143.0399933,3097500,127.9582062
2017-09-06,144.4700012,143.5,143.8800049,143.8200073,3273300,128.6559601
2017-09-07,144.6399994,142.4100037,144.1000061,142.8999939,4188200,127.8329468
2017-09-08,143.1499939,141.6399994,143.1499939,142.4499969,3366200,127.4304199
2017-09-11,145.1300049,143.0099945,143.5399933,144.8600006,4613400,129.5862732
2017-09-12,146.3699951,144.5099945,145.1100006,145.7599945,5238100,130.3913727
2017-09-13,146.2899933,145.3399963,145.3500061,145.9900055,4101000,130.597168
2017-09-14,146.3800049,145.5099945,145.8600006,145.5399933,3756900,130.1945953
2017-09-15,145.1699982,144.0800018,144.8200073,144.8200073,7397200,129.5505219
2017-09-18,145.4799957,144.2700043,144.8099976,144.5500031,3019500,129.30896
2017-09-19,144.9799957,144.2200012,144.7899933,144.3899994,3464400,129.1658478
2017-09-20,145.8800049,144.4199982,144.9299927,145.8800049,5447500,130.4987488
2017-09-21,145.8899994,145.1000061,145.6499939,145.2599945,2555600,129.9441528
2017-09-22,145.5899963,144.5899963,145.5899963,145.1300049,2792300,129.8278351
2017-09-25,146.0299988,144.9100037,145.1199951,145.8699951,5213100,130.4897766
2017-09-26,147.4199982,145.9400024,146.3600006,146.5599976,4488600,131.1070557
2017-09-27,146.8999939,145.0299988,146.6799927,145.6600037,3502700,130.3019562
2017-09-28,145.8600006,144.2100067,145.6600037,145.6600037,2774800,130.3019562
2017-09-29,145.6900024,144.9199982,145.4499969,145.0800018,2654700,129.7831116
2017-10-02,146.8699951,145.2100067,145.3500061,146.6600037,2973200,131.1965179
2017-10-03,147.1999969,146.3399963,146.6900024,146.7799988,2302700,131.3038483
2017-10-04,147.0200043,146.1100006,147,146.4799957,2244400,131.0355072
2017-10-05,147.5399933,146.4799957,146.6799927,146.7200012,2686500,131.2501831
2017-10-06,146.8500061,146.3200073,146.6399994,146.4799957,2623200,131.0355072
2017-10-09,147.7899933,146.3500061,146.5,147.3899994,2682600,131.8495331
2017-10-10,148.9499969,147.6499939,147.7100067,148.5,4032600,132.842514
2017-10-11,148.4700012,147.2799988,148.3999939,147.6199951,3702200,132.0552979
2017-10-12,147.8899994,146.7700043,147.5599976,147.0299988,3264300,131.5274963
2017-10-13,147.8500061,146.9400024,147.4799957,147.1000061,2506600,131.5901184
2017-10-16,147.6699982,146.5099945,147.2200012,146.8300018,3052100,131.3485718
2017-10-17,147.1199951,146.1799927,146.6300049,146.5399933,6372400,131.0891724
2017-10-18,161.2299957,156.9499969,157.1199951,159.5299988,30490200,142.7095184
2017-10-19,160.9600067,159.0899963,159.8000031,160.8999939,9914200,143.9350739
2017-10-20,162.4799957,159.7700043,161.0700073,162.0700073,7868800,144.9817047
2017-10-23,162.5099945,159.5399933,162.0500031,159.5500031,5779400,142.7274323
2017-10-24,159.6999969,155.1699982,159.6499939,155.8800049,8194700,139.4443817
2017-10-25,156.3699951,153.0599976,156.0099945,153.5,6921100,137.3153076
2017-10-26,155.1199951,153.5399933,154.3099976,153.6000061,4300500,137.4047852
2017-10-27,154.6300049,152.9100037,154.5399933,153.6799927,4895200,137.4763184
2017-10-30,154.5899963,152.7100067,153.7599945,154.3600006,4210400,138.0846405
2017-10-31,154.9299927,152.9299927,154.3300018,154.0599976,4328300,137.8162689
2017-11-01,154.8999939,153.8300018,154.1000061,154.0299988,3240200,137.789444
2017-11-02,154.4900055,152.9100037,154.1799927,153.3500061,3397600,137.1811371
2017-11-03,153.4700012,151.4900055,153.4199982,151.5800018,4431800,135.5977478
2017-11-06,151.8200073,150.2799988,151.7700043,150.8399963,4498400,134.9357605
2017-11-07,151.5099945,150.5,151.3699951,151.3500061,3701100,135.391983
2017-11-08,151.7899933,150.2799988,151.6000061,151.5700073,4634400,135.5887909
2017-11-09,151.8000031,149.8600006,149.9299927,150.3000031,4776500,135.7966156
2017-11-10,150.8899994,149.1399994,150.6499939,149.1600037,4307300,134.7666168
2017-11-13,149,147.9199982,148.8800049,148.3999939,5107500,134.0799408
2017-11-14,148.9700012,147.4900055,147.9499969,148.8899994,3758000,134.5226898
2017-11-15,148.7100067,146.2100067,148,147.1000061,4773300,132.9054108
2017-11-16,149.6499939,147.5,147.7299957,149.1199951,5446500,134.7304688
2017-11-17,150.1499939,148.8300018,149.3399963,148.9700012,4916500,134.5949402
2017-11-20,151.9499969,149.8999939,150.6399994,150.5099945,5676500,135.9863434
2017-11-21,152.4499969,151.1999969,151.3000031,151.9499969,3756200,137.2873688
2017-11-22,152.3899994,151.3300018,152,151.7700043,3213600,137.1247559
2017-11-24,152.1999969,151.3300018,151.9499969,151.8399963,1193000,137.1879883
2017-11-27,152.4900055,151.6199951,152.0599976,151.9799957,3374000,137.3144836
2017-11-28,152.9299927,151.6999969,152.3500061,152.4700012,3973700,137.7572174
2017-11-29,153.6100006,152.1699982,152.8099976,153.5500031,5098700,138.7329865
2017-11-30,154.4100037,153.0800018,153.6499939,153.9700012,6500800,139.1124573
2017-12-01,155.0200043,152.9100037,154.3999939,154.7599945,5567900,139.8262329
2017-12-04,156.8000031,155.0700073,155.9600067,156.4600067,4664300,141.3622284
2017-12-05,156.7400055,154.6799927,156.4499969,155.3500061,5068000,140.359314
2017-12-06,156.2200012,154.0899963,154.1000061,154.1000061,3410700,139.2299194
2017-12-07,154.4499969,153.2599945,153.5899963,153.5700073,3771100,138.7510834
2017-12-08,155.0299988,153.5500031,154.9799957,154.8099976,3520300,139.8713989
2017-12-11,155.8899994,154.5700073,155.4600067,155.4100037,4102700,140.4134979
2017-12-12,157.8500061,155.1600037,157.3000031,156.7400055,6321800,141.6151733
2017-12-13,156.7299957,153.8899994,156.6000061,153.9100037,5661600,139.0582581
2017-12-14,155.1100006,153.6999969,154.6000061,154,4637400,139.1395874
2017-12-15,153.8000031,152.0299988,153.6100006,152.5,11279900,137.784317
2017-12-18,154.1799927,153.2100067,153.5899963,153.3300018,5092800,138.5342407
2017-12-19,154.1699982,153.0899963,154.0500031,153.2299957,4116400,138.4438782
2017-12-20,153.8899994,152.7799988,153.6499939,152.9499969,3785700,138.1908875
2017-12-21,153.4600067,151.4900055,153.1699982,151.5,4153900,136.8808289
2017-12-22,153,151.5,151.8200073,152.5,2990600,137.784317
2017-12-26,153.8600006,152.5,152.5099945,152.8300018,2479000,138.0824738
2017-12-27,153.1799927,152.6100006,152.9499969,153.1300049,2149300,138.3535461
2017-12-28,154.1199951,153.1999969,153.1999969,154.0399933,2687600,139.1757202
2017-12-29,154.7200012,153.4199982,154.1699982,153.4199982,3327100,138.6155396
2018-01-02,154.8099976,153.5399933,154.5,154.25,4202500,139.3654633
2018-01-03,159.8099976,156.3300018,157.3399963,158.4900055,9441600,143.1963348
2018-01-04,162.3200073,159.3699951,159.6499939,161.6999969,7556200,146.0965729
2018-01-05,162.8999939,161.1000061,162.4400024,162.4900055,5195800,146.8103333
2018-01-08,163.9100037,161.6999969,162.6600037,163.4700012,5237500,147.6957703
2018-01-09,164.5299988,163.0599976,163.8999939,163.8300018,4341800,148.0210266
2018-01-10,164.3300018,162.5,162.9100037,164.1799927,4174100,148.3372498
2018-01-11,164.9400024,163.3000031,164.8000031,164.1999969,3794500,148.3553467
2018-01-12,164.7400055,163.0299988,164.0200043,163.1399994,5031900,147.3975983
2018-01-16,165.2899933,163.3500061,165.1000061,163.8500061,7794200,148.0391083
2018-01-17,169.1300049,167.2599945,168.0099945,168.6499939,11710000,152.3759003
2018-01-18,171.1300049,168.1499939,170,169.1199951,14259300,152.8005371
2018-01-19,165.3999939,161.3000031,164.4600067,162.3699951,21172500,146.701889
2018-01-22,163.9799957,161.1100006,161.5099945,162.6000061,8480800,146.909729
2018-01-23,166.2599945,162.5099945,162.8200073,166.25,7466200,150.2075043
2018-01-24,168.7200012,164.8200073,166.75,165.3699951,5645000,149.4124146
2018-01-25,166.7799988,165.1900024,165.9100037,165.4700012,3302500,149.5027618
2018-01-26,167.4100037,165.7899933,166.1199951,167.3399963,3787900,151.1923218
2018-01-29,168.3899994,166.0099945,167.4499969,166.8000031,3517000,150.704422
2018-01-30,166.7700043,163.1600037,166.2100067,163.6199951,4902300,147.8312683
2018-01-31,164.9900055,162.7599945,163.75,163.6999969,4072800,147.9035492
2018-02-01,164.1300049,161.8999939,163.1900024,162.3999939,4434200,146.7290192
2018-02-02,162,158.8699951,161.6999969,159.0299988,5251900,143.6841888
2018-02-05,158.5,150,157.8899994,152.5299988,8746600,137.8114319
2018-02-06,155.4900055,149.1100006,150.2899933,155.3399963,9867700,140.3502502
2018-02-07,155.3399963,153.2799988,154.1699982,153.8500061,6149200,139.0040588
2018-02-08,153.1600037,147.5,152.4799957,147.5899963,6779100,134.661026
2018-02-09,150.5399933,144.3999939,148.6000061,149.5099945,7828300,136.4128571
2018-02-12,152.3999939,150.3000031,150.8999939,151.3999939,5881400,138.1372681
2018-02-13,151.1799927,149.6399994,150.8999939,150.75,4891000,137.54422
2018-02-14,155,150,150.1900024,154.7599945,5479000,141.2029419
2018-02-15,156.8600006,153.6999969,155.5,156.0099945,5623600,142.3434448
2018-02-16,157.7899933,155.6900024,155.7100067,156.1799927,4282900,142.4985352
2018-02-20,155.9600067,153.8699951,155.7899933,155.1600037,4489600,141.5678864
2018-02-21,156.7899933,153.8999939,155.4299927,153.9600067,3728600,140.4730225
2018-02-22,155.0399933,152.7899933,154.5,153.1799927,4024600,139.761322
2018-02-23,155.8500061,154.0700073,154.3000031,155.5200043,3256100,141.8963623
2018-02-26,158.8800049,155.5099945,155.8099976,158.5800018,3610300,144.688324
2018-02-27,159.7799988,156.5299988,158.4600067,156.5500031,4237300,142.8361359
2018-02-28,158.1399994,155.8000031,157.5,155.8300018,3803500,142.1791992
2018-03-01,156.9700012,152.7899933,155.5299988,153.8099976,4039300,140.3361359
2018-03-02,154.7599945,151.8800049,152.7899933,154.4900055,3261100,140.956604
2018-03-05,157.4900055,153.75,154.1199951,156.9499969,3670600,143.2010651
2018-03-06,157.8899994,155.1600037,157.2799988,155.7200012,3685700,142.0788269
2018-03-07,158.8300018,154.7299957,155,158.3200073,4607700,144.4511108
2018-03-08,159.5700073,155.0700073,159,156.2100067,6455600,142.5259247
2018-03-09,159.5800018,157.3000031,157.4700012,159.3099976,5022200,145.3543396
2018-03-12,161.0200043,158.8699951,159.6399994,160.2599945,5063500,146.2211304
2018-03-13,162.1100006,158.8099976,160.0899963,159.3200073,4185600,145.3634644
2018-03-14,160.6799927,157.7400055,160.1699982,158.1199951,3631800,144.2686157
2018-03-15,161.25,158.5200043,158.7100067,159.6100006,3870600,145.628067
2018-03-16,161.9799957,159.6399994,160.0599976,160.2599945,9262700,146.2211304
2018-03-19,159.8899994,156.4499969,159.7100067,157.3500061,5482000,143.5660553
2018-03-20,157.9299927,155.2899933,157.5200043,156.1999969,4336700,142.5167694
2018-03-21,158.1999969,155.9199982,156.5700073,156.6900024,3482200,142.9638672
2018-03-22,155.25,152,155,152.0899963,4746300,138.7668152
2018-03-23,152.5800018,148.5399933,152.25,148.8899994,4440900,135.8471527
2018-03-26,153.6600037,150.2799988,151.2100067,153.3699951,4103900,139.9346924
2018-03-27,154.8699951,151.1600037,153.9499969,151.9100037,3883700,138.6025848
2018-03-28,153.8600006,151.8899994,152.0700073,152.5200043,3664800,139.1591644
2018-03-29,153.8899994,151.0800018,153.0700073,153.4299927,3420000,139.9894409
2018-04-02,153.3800049,148.4299927,153.3399963,150.0700073,5150400,136.9237823
2018-04-03,151,148.3000031,150.8000031,149.8500061,4135700,136.7230682
2018-04-04,154.4700012,147.4499969,147.8899994,154.1199951,4805300,140.6190033
2018-04-05,154.9199982,153.3399963,154.4400024,154.0299988,3185400,140.5368805
2018-04-06,153.9499969,149.5399933,153.4600067,150.5700073,3672900,137.3800049
2018-04-09,154.6600037,151.7400055,151.8000031,152.6900024,4413200,139.31427
2018-04-10,156.6000061,154.75,155.0299988,155.3899994,3806400,141.7777557
2018-04-11,155.7799988,153.8800049,154.3699951,155.3600006,3306500,141.7503662
2018-04-12,158.9799957,156.6699982,156.75,158.0700073,5639400,144.2229919
2018-04-13,159.2200012,155.9100037,158.6699982,156.7100067,4057100,142.982132
2018-04-16,159.1399994,157.6699982,157.9900055,157.8899994,4186800,144.0587616
2018-04-17,162,158.5099945,158.8200073,160.9100037,10207500,146.814209
2018-04-18,152.6300049,148.2599945,152.1399994,148.7899933,20381700,135.7559052
2018-04-19,149.2100067,146.6199951,149.1900024,147.6999969,8086100,134.7613983
2018-04-20,147.9700012,144.5099945,147.8999939,144.8999939,8265600,132.2066803
2018-04-23,145.9600067,144.3300018,145.0299988,145.8600006,5315600,133.0825806
2018-04-24,147.3000031,144.5299988,146.5099945,145.5599976,4916500,132.8088684
2018-04-25,146.3999939,144.1100006,145.7899933,145.9400024,7326400,133.1555939
2018-04-26,147.3600006,146.1999969,146.6000061,146.7200012,4265800,133.867218
2018-04-27,147.25,145.6600037,146.8399963,146.4799957,3205500,133.6482849
2018-04-30,147.3800049,144.9600067,146.8600006,144.9600067,4415500,132.2614288
2018-05-01,145.0200043,143.4700012,144.6499939,145,4433400,132.2979126
2018-05-02,144.8200073,142.0700073,144.4600067,142.4499969,5194900,129.9713135
2018-05-03,142.2299957,139.8999939,142.1300049,141.9900055,5018600,129.5516052
2018-05-04,144.3500061,140.2799988,141.1000061,143.9100037,4402200,131.3033752
2018-05-07,144.3200073,142.6399994,144,143.2200012,3657000,130.6738281
2018-05-08,143.5099945,142.0599976,143,143,5369100,130.4731293
2018-05-09,143.0200043,141.2799988,141.8999939,142.6100006,4196000,131.5617065
2018-05-10,144.3300018,143.0099945,143.1499939,144.2400055,3726600,133.0654144
2018-05-11,144.8500061,143.5800018,144.1100006,144.1399994,3073200,132.9731598
2018-05-14,145.1199951,144.1399994,144.4700012,144.3000031,3216100,133.1207733
2018-05-15,143.9900055,142.9199982,143.5,143.7400055,4089400,132.6041718
2018-05-16,145.0299988,143.2700043,143.6999969,144.6300049,3168700,133.4252167
2018-05-17,145.1900024,143.7700043,144.5,144.5,3147700,133.3052673
2018-05-18,144.9400024,143.9900055,144.4700012,144.0800018,2682200,132.9178162
2018-05-21,146.0399933,144.6799927,144.9499969,145.4900055,2894700,134.2185974
2018-05-22,146.1999969,145,145.5200043,145.0899963,2284000,133.8495636
2018-05-23,144.6999969,143.4799957,144.3500061,144.6699982,3459700,133.4621124
2018-05-24,144.4799957,142.9499969,144.3899994,144.0700073,3398700,132.9085999
2018-05-25,144.5700073,143.4600067,143.8999939,143.6399994,4914300,132.5119019
2018-05-29,142.8899994,140.2100067,142.5299988,141.2200012,4537600,130.2793884
2018-05-30,143.1000061,141.8200073,141.8999939,142.6199951,5118500,131.5709229
2018-05-31,142.8099976,141.0500031,142.8099976,141.3099976,6830300,130.3624115
2018-06-01,142.8399963,141.6199951,142.4299927,141.9499969,3857500,130.9528198
2018-06-04,143.1699982,142.1799927,142.3000031,143.0399933,3035300,131.958374
2018-06-05,144.0800018,143.0399933,143.0500031,143.6999969,2836000,132.5672302
2018-06-06,144.7200012,143.5399933,144.3399963,144.7100067,3220100,133.4990082
2018-06-07,146.6999969,144.9299927,145,145.3600006,4316500,134.0986633
2018-06-08,146.4299927,144.3699951,145,146.1399994,5210500,134.818222
2018-06-11,147.4100037,146.1399994,146.6199951,146.5800018,3260000,135.2241516
2018-06-12,147.5200043,146.6199951,147.1000061,146.8699951,2640500,135.4916382
2018-06-13,147.4700012,146.1999969,146.7899933,146.3500061,2968200,135.0119629
2018-06-14,146.9799957,145.0899963,146.6499939,145.1999969,3326300,133.9510345
2018-06-15,145.4700012,143.6999969,144.8999939,145.3899994,9116000,134.1263123
2018-06-18,144.5200043,143.1399994,144.1799927,144.4799957,4286400,133.2868195
2018-06-19,144.2200012,142.9499969,143.1199951,143.8999939,3487000,132.7517548
2018-06-20,144.5200043,142.4100037,144.2200012,142.6300049,3329900,131.5801544
2018-06-21,143.1399994,140.8300018,142.5899963,141.25,3887700,130.3070374
2018-06-22,141.8099976,140.7799988,141.6399994,141.2799988,5611300,130.3347321
2018-06-25,140.3999939,138.2799988,140.3999939,138.7899933,8937100,128.0376434
2018-06-26,139.8500061,138.3300018,139.3600006,139.0800018,4139500,128.3051453
2018-06-27,139.7799988,137.4499969,139.1100006,137.4799957,4101800,126.8291168
2018-06-28,140.5399933,137.9499969,138.1000061,140.0399933,4523700,129.1907654
2018-06-29,141.3600006,139.6100006,140.3200073,139.6999969,3710100,128.8771515
2018-07-02,140.2200012,138.1999969,138.2799988,139.8600006,3405400,129.0247498
2018-07-03,140.9400024,139.3699951,140.6499939,139.5700073,1963200,128.7572021
2018-07-05,141.4299927,139.9299927,140.4799957,141.4299927,3744700,130.473114
2018-07-06,142.9400024,141.1699982,141.5299988,142.4799957,2849000,131.4417725
2018-07-09,144.7200012,142.4700012,142.5899963,144.3899994,3904700,133.2038116
2018-07-10,145.5899963,144.2599945,144.5099945,144.7100067,3777000,133.4990082
2018-07-11,146.1900024,144,144,144.9400024,3526600,133.7111816
2018-07-12,146.8300018,145.7400055,145.8500061,146.4499969,3119500,135.1042023
2018-07-13,146.9799957,145.8000031,146.4499969,145.8999939,3062600,134.5968018
2018-07-16,145.7899933,144.2100067,145.6699982,145.4600067,3468800,134.1909027
2018-07-17,145,143.3399963,144.75,143.4900055,5096700,132.3735046
2018-07-18,144.8000031,142.7400055,143.5099945,144.5200043,6935300,133.3237305
2018-07-19,150.5399933,147.25,147.8500061,149.2400055,14655800,137.6780701
2018-07-20,148.8600006,146.2599945,148.5800018,146.3500061,6414600,135.0119629
2018-07-23,146.6999969,145.0099945,146.3500061,145.6999969,3897900,134.4122925
2018-07-24,147.0399933,145.9199982,146.6999969,146.3800049,3891600,135.0396118
2018-07-25,146.6499939,145.5,146.0099945,146.6199951,3630900,135.2610168
2018-07-26,149.2700043,146.6300049,147.4299927,146.7100067,4778000,135.3440704
2018-07-27,147.1399994,144.6600037,146.8899994,145.1499939,3749300,133.9049072
2018-07-30,146.2400055,144.6900024,144.8000031,145.4900055,3608200,134.2185974
2018-07-31,145.8000031,144.1600037,145.7400055,144.9299927,5474200,133.7019806
2018-08-01,145.1900024,143.3399963,144.7599945,143.5,3388400,132.3827515
2018-08-02,143.3600006,142.3300018,142.8600006,142.9600067,3841400,131.8845825
2018-08-03,147.9199982,143,143.2400055,147.6999969,8053600,136.25737
2018-08-06,147.1999969,145.5700073,146.9499969,146.0299988,3913700,134.7167358
2018-08-07,147.6399994,146.3500061,146.6499939,147.0099945,3508800,135.6208191
2018-08-08,147.4299927,146.2400055,147.3300018,146.8899994,3581100,135.5101318
2018-08-09,145.9400024,144.7299957,145.5299988,144.7700043,3093500,134.9972687
2018-08-10,145.0700073,143.8800049,144.5,144.4799957,3003100,134.7268219
2018-08-13,144.3000031,142.5299988,144.1499939,142.7100067,2858500,133.0763092
2018-08-14,143.8200073,142.9299927,143,143.3600006,2860000,133.6824188
2018-08-15,144,142,142.5500031,143.9100037,4241500,134.195282
2018-08-16,145.6799927,144.3699951,144.3699951,145.3399963,5250700,135.5287628
2018-08-17,146.3899994,144.6900024,144.7899933,146.0599976,2678600,136.2001801
2018-08-20,147.1600037,146.1499939,146.3699951,146.5099945,2499700,136.6197815
2018-08-21,147.1199951,145.8899994,147,145.9700012,3106900,136.1162415
2018-08-22,146.1600037,145.1900024,146.0099945,145.2400055,2389000,135.4355316
2018-08-23,145.5200043,144.75,145.0399933,145.3699951,2220400,135.5567322
2018-08-24,146.0899963,144.8699951,145.4600067,146.0399933,2776600,136.1815033
2018-08-27,147.6199951,146.5200043,146.9400024,146.6900024,3491600,136.7876282
2018-08-28,146.9900055,146.1900024,146.9499969,146.5899963,2455300,136.6943817
2018-08-29,147.9299927,146.6000061,146.8699951,147.5399933,3153800,137.5802307
2018-08-30,147.3000031,145.25,147.0299988,145.9299927,3340400,136.078949
2018-08-31,146.7799988,145.5399933,145.7200012,146.4799957,3488500,136.5917969
2018-09-04,146.1900024,144.8099976,145.9799957,145.6799927,3326200,135.8457947
2018-09-05,146.75,145.0500031,145.1900024,146.6600037,3126500,136.7596588
2018-09-06,147.6600037,145.5399933,146.8800049,146.3899994,4248800,136.5078888
2018-09-07,146.5,145.1199951,145.9400024,145.4499969,4693100,135.6313477
2018-09-10,147.3000031,145.5599976,146.6000061,145.6499939,3618300,135.8178406
2018-09-11,146.9900055,145.25,146,146.4900055,3374700,136.60112
2018-09-12,147.9799957,146.0299988,146.3699951,146.5700073,4506700,136.6757507
2018-09-13,149,147.1199951,147.3500061,148.9499969,5346500,138.8950653
2018-09-14,149.3000031,147.7799988,148.8500061,148.3300018,3452100,138.3169098
2018-09-17,149.0700073,147.7700043,148.4400024,147.9400024,3551900,137.9532471
2018-09-18,148.9900055,147.4700012,147.7599945,148.5599976,3629400,138.5314178
2018-09-19,149.9600067,148.2299957,148.6300049,149.0599976,4246200,138.9976501
2018-09-20,151.3800049,149.4400024,149.5800018,151.1499939,5952200,140.9465637
2018-09-21,152.6000061,150.7400055,151.4799957,151.3500061,19947500,141.1330719
2018-09-24,151.1999969,149.4600067,151.1000061,150.0299988,4265000,139.9021606
2018-09-25,150.4100037,148.3600006,149.9100037,148.9100037,4397500,138.8578033
2018-09-26,153.3500061,151.3399963,152.3999939,151.6100006,7401900,141.3755035
2018-09-27,152.3899994,151.1600037,152.0099945,151.5,3477600,141.272934
2018-09-28,151.6300049,150.7899933,151.1600037,151.2100067,3305800,141.002533
2018-10-01,153.4199982,151.7100067,151.7100067,153,3757400,142.6716766
2018-10-02,153.8399963,152.5,152.9900055,153.75,3029900,143.371048
2018-10-03,154.3600006,152.8000031,154,153.2200012,3315300,142.8768005
2018-10-04,152.8000031,150.3600006,151.6900024,151.3099976,4237900,141.0957489
2018-10-05,151.7899933,147.8699951,150.8999939,149.0299988,4602200,138.9696655
2018-10-08,149.0700073,147.1799927,148.5,148.3899994,3239300,138.3728485
2018-10-09,148.3600006,146.9299927,148.0800018,147.2400055,3642400,137.3005066
2018-10-10,147.6900024,142.5,147.5,142.6900024,5547700,133.0576477
2018-10-11,144.1900024,138.7799988,142.6199951,139.0200043,8710500,129.6353912
2018-10-12,141.5399933,139.0800018,141.1199951,140.8500061,6563400,131.3418579
2018-10-15,142.2599945,140.1399994,140.3800049,141.1300049,4965500,131.6029816
2018-10-16,145.4499969,141.5800018,142.9299927,145.1199951,8695500,135.3236084
2018-10-17,137.1499939,133.4199982,135.8899994,134.0500031,19464000,125.0009003
2018-10-18,133.3999939,130.0399933,132.7299957,130.5500031,10011700,121.7371674
2018-10-19,131.8899994,127.9599991,130.6499939,129.1000061,7791600,120.3850632
2018-10-22,130.4400024,128.3999939,129.5800018,130.0200043,5719500,121.2429504
2018-10-23,131.8999939,128.4100037,129.0200043,131.2100067,6463600,122.3526306
2018-10-24,131.6900024,127,131.1699982,127.2099991,5710300,118.6226349
2018-10-25,127.7900009,125.1399994,127.25,126.4499969,10304300,117.9139481
2018-10-26,125.7799988,123.7099991,125.2099991,124.7900009,8767000,116.3659973
2018-10-29,123.9499969,118.3000031,119.3399963,119.6399994,20450400,111.563652
2018-10-30,121.5,115.1500015,120.4800034,115.4000015,21458600,107.6098785
2018-10-31,116.5,114.0899963,116.4899979,115.4300003,21645000,107.6378555
2018-11-01,117,115.1100006,115.5,116.8300018,13626700,108.9433441
2018-11-02,117.75,114.5400009,117.5100021,115.6699982,10592700,107.8616409
2018-11-05,120.7699966,116,116.0999985,120.0599976,9144600,111.9552917
2018-11-06,123.8099976,120.3099976,120.6999969,123.1200027,9597400,114.8087387
2018-11-07,125.0599976,122.3300018,123.7900009,124.8399963,12382700,116.4126205
2018-11-08,124.4000015,122.6299973,122.6600037,123.3799973,10396400,116.5165024
2018-11-09,124.5699997,121.9599991,123.6100006,123.5400009,6961800,116.6676025
2018-11-12,123.5699997,120.6500015,123.5,120.9000015,5379100,114.174469
2018-11-13,122.25,119.9000015,121.1900024,120.8399963,4084400,114.1177902
2018-11-14,121.9300003,119.7699966,121.1100006,120.1999969,4762300,113.5134048
2018-11-15,121.4400024,119.5100021,119.6600037,121.4400024,5207900,114.684433
2018-11-16,121.8499985,120.5400009,120.8899994,121.5699997,4076300,114.8071976
2018-11-19,122.1800003,119.7699966,121.6299973,120.3099976,4131200,113.6172867
2018-11-20,119.4899979,116.6999969,118.4899979,117.1999969,6233800,110.6802902
2018-11-21,119.5100021,117.3899994,117.6100006,118.5699997,5335800,111.9740829
2018-11-23,118.3399963,116.9100037,118.0899963,117.1900024,2334700,110.6708527
2018-11-26,120.25,118.0599976,118.3700027,119.5599976,5011100,112.9090042
2018-11-27,120.0400009,118.3700027,118.3799973,120.0299988,4903800,113.3528595
2018-11-28,123.0899963,120.2200012,121.0100021,123,5104500,116.1576462
2018-11-29,123.1200027,121.4000015,122.4400024,121.4800034,5200100,114.7221985
2018-11-30,124.6900024,121.4800034,121.6600037,124.2699966,7251600,117.3569946
2018-12-03,126.5899963,124.3600006,125.6699982,125.3099976,5846400,118.3391495
2018-12-04,124.9199982,121.3300018,124.4899979,121.5999985,6000700,114.8355255
2018-12-06,123.9100037,119.3000031,119.7200012,123.9100037,6938000,117.0170288
2018-12-07,124.0500031,118.8700027,123.9000015,119.3399963,7019600,112.7012482
2018-12-10,121.6800003,118.5199966,119.7399979,121.1299973,6549500,114.3916626
2018-12-11,123.8099976,120,123.25,120.8899994,5043100,114.1650162
2018-12-12,122.8799973,121,122.5100021,121.1600037,3560500,114.4200058
2018-12-13,121.7900009,120.1699982,121.2600021,120.7300034,3993600,114.0139313
2018-12-14,121.1100006,119.4400024,119.5,119.9000015,4554200,113.2300949
2018-12-17,119.7799988,115.0699997,119.0699997,116.0999985,7374500,109.6414795
2018-12-18,118.2300034,116.0199966,116.9000015,116.6500015,6290200,110.1608887
2018-12-19,120.2699966,115.9700012,117.1500015,116.4300003,6979800,109.9531326
2018-12-20,116.4499969,111.6999969,115.6999969,113.0199966,8454400,106.732811
2018-12-21,115.2799988,110.4400024,112.5,110.9400024,10386500,104.7685318
2018-12-24,111,107.5,109.9000015,107.5699997,3821400,101.5859909
2018-12-26,111.3899994,105.9400024,108,111.3899994,6645800,105.1934967
2018-12-27,113.7799988,109.4700012,109.9899979,113.7799988,6045600,107.4505386
2018-12-28,114.8000031,112.5,114.2200012,113.0299988,5117500,106.7422638
2018-12-31,114.3499985,112.4199982,113.3300018,113.6699982,4982800,107.3466568
2019-01-02,115.9800034,111.6900024,112.0100021,115.2099991,4239900,108.8009872
2019-01-03,114.8799973,112.6900024,114.5299988,112.9100037,4346700,106.6289368
2019-01-04,117.4899979,114.4400024,114.9100037,117.3199997,4477800,110.7936172
2019-01-07,118.8300018,116.6699982,117.5,118.1500015,3751200,111.577446
2019-01-08,120.5699997,118.9800034,119.6600037,119.8300018,4763600,113.1639786
2019-01-09,121.4000015,119.8700027,120.9100037,120.6900024,3633700,113.9761505
2019-01-10,121.8600006,119.9499969,120.0800018,121.7900009,3910000,115.0149536
2019-01-11,121.6200027,120.1999969,121.5800018,121.4599991,3722400,114.7033157
2019-01-14,120.6500015,119.7600021,120.5100021,120.3899994,5228700,113.6928406
2019-01-15,121.9300003,120.8199997,120.9599991,121.7300034,3507500,114.9582977
2019-01-16,122,120.8300018,121.5800018,121.6200027,3841100,114.8544159
2019-01-17,122.4100037,120.5500031,120.5599976,122.1900024,5029900,115.3927078
2019-01-18,124.7200012,122.7099991,123.2699966,123.8199997,6008500,116.9320297
2019-01-22,123.8000031,121.5400009,123.3000031,122.5199966,10052400,115.7043381
2019-01-23,135,130.3099976,131.3699951,132.8899994,22063700,125.497467
2019-01-24,133.2100067,131.4299927,132.6300049,132.5299988,6322900,125.1575012
2019-01-25,134.4400024,132.4299927,132.8699951,133.9700012,5707400,126.517395
2019-01-28,134.8099976,132.5800018,133.1000061,134.2700043,5357700,126.8007202
2019-01-29,135.4100037,133.6000061,134.2899933,134.3300018,5037100,126.8573685
2019-01-30,135.0299988,133.25,134,134.3800049,4500900,126.9045868
2019-01-31,134.7200012,133.7400055,134.4499969,134.4199982,4884000,126.9423599
2019-02-01,135.1999969,133.3500061,134.9700012,134.1000061,3806000,126.6401672
2019-02-04,135.1999969,132.9900055,134.0200043,135.1900024,3966600,127.6695099
2019-02-05,135.8200073,134.9199982,135.2799988,135.5500031,5398900,128.0095062
2019-02-06,136.6499939,135.1699982,135.2200012,136.3200073,4879700,128.7366791
2019-02-07,134.4700012,132.1199951,133.5500031,133.1900024,4379400,127.2462921
2019-02-08,133.7100067,132.1900024,132.3399963,133.7100067,3249800,127.7430954
2019-02-11,135.1499939,133.9100037,134.2899933,133.9900055,3095100,128.0105896
2019-02-12,136.1999969,134.8600006,135.1499939,136.0500031,3317200,129.9786682
2019-02-13,137.9199982,136.4100037,136.9199982,137.5200043,4253000,131.3830719
2019-02-14,137.6000061,136.2100067,137.1699982,136.4799957,2789400,130.3894653
2019-02-15,138.1900024,137.3899994,137.5800018,138.0299988,3844100,131.8703003
2019-02-19,138.6999969,137.3600006,137.8099976,138.6999969,3385700,132.5103912
2019-02-20,139.2400055,137.2200012,138.7599945,138,3802000,131.8416443
2019-02-21,138.3500061,137.3500061,137.8200073,137.8399963,2937300,131.688797
2019-02-22,139.3800049,138.4299927,138.7299957,139.25,3113700,133.0358582
2019-02-25,140.4700012,139.3200073,140,139.4600067,3194200,133.2364807
2019-02-26,140.4900055,139.4700012,139.6699982,139.7200012,3060400,133.4848785
2019-02-27,139.5700073,138.3999939,139.25,139.1699982,2530900,132.9594269
2019-02-28,139.0599976,137.7200012,138.7700043,138.1300049,3457800,131.9658508
2019-03-01,140.0399933,138.6399994,139.3099976,139.1999969,3030000,132.9880676
2019-03-04,140.0800018,137.1699982,139.9900055,138.4299927,3406900,132.2524414
2019-03-05,138.7400055,137.5599976,138.3699951,137.8800049,4250300,131.7269897
2019-03-06,138.3899994,136.7200012,138.1199951,136.9799957,2768300,130.8671417
2019-03-07,136.8899994,134.6300049,136.6100006,135.3600006,4358800,129.319458
2019-03-08,135.2400055,133.5800018,134.2100067,135.0899963,3773600,129.0614929
2019-03-11,137.7299957,135.8399963,136.0299988,137.7100067,3939300,131.5645905
2019-03-12,139.6999969,137.8600006,138.5200043,138.2799988,3954700,132.1091309
2019-03-13,139.3200073,137.8500061,138.0500031,138.5599976,3173200,132.3766327
2019-03-14,138.9400024,138.0599976,138.5099945,138.7899933,2738600,132.5963745
2019-03-15,140.3300018,139.2299957,139.3699951,139.4299927,7153700,133.2078247
2019-03-18,140.3699951,138.7200012,139.8300018,140.2100067,3268500,133.9530182
2019-03-19,141.6999969,140,140.9600067,140.4900055,3482300,134.2205353
2019-03-20,140.6999969,138.9799957,140.5299988,139.6000061,3649500,133.3702393
2019-03-21,142.1199951,138.8800049,139.1000061,141.4400024,3605400,135.1281281
2019-03-22,141.4400024,138.8999939,140.9700012,139.4499969,3877200,133.2269287
2019-03-25,139.9100037,138.3500061,139.0599976,139.1799927,2839800,132.9689789
2019-03-26,141.0200043,139.4199982,139.9299927,140.2200012,2553700,133.9625702
2019-03-27,140.4900055,138.3999939,140.4100037,139.2400055,3098200,133.0263062
2019-03-28,140.4400024,139.1000061,139.9100037,139.9199982,2663900,133.6759644
2019-03-29,141.2200012,140.1499939,140.5,141.1000061,3101400,134.8033142
2019-04-01,143.4100037,141.5099945,141.5099945,143.3000031,3984300,136.9051361
2019-04-02,143.9499969,142.6000061,143.3500061,143,2404800,136.618515
2019-04-03,144.2200012,143.0099945,143.6499939,143.6300049,2681200,137.2203827
2019-04-04,144.1399994,142.5399933,143.6199951,142.7799988,2771100,136.4083252
2019-04-05,143.5,142.4600067,143.2899933,143.2799988,2731800,136.8860168
2019-04-08,143.4199982,142.8699951,143.0200043,143.3899994,2118200,136.9911041
2019-04-09,142.9499969,141.8399963,142.6600037,142.1100006,3038500,135.768219
2019-04-10,143.5,141.9799957,142.1999969,143.0200043,2678000,136.637619
2019-04-11,144.1100006,143.0299988,143.8000031,143.7799988,2942000,137.3636932
2019-04-12,144.4400024,143.6999969,144.2599945,144.3500061,2898900,137.9082642
2019-04-15,144.4600067,143.2700043,144.3999939,143.8999939,3603200,137.4783478
2019-04-16,145.3899994,144.0200043,144.3999939,145.1399994,6301700,138.6630249
2019-04-17,141.9799957,136.2599945,137.3699951,139.1100006,12525700,132.9021149
2019-04-18,140.4900055,138.6999969,139,140.3300018,4960000,134.0676575
2019-04-22,140.5599976,138.4799957,139.4199982,138.8899994,4494000,132.691925
2019-04-23,140.9199982,138.9400024,139.1499939,140.4400024,4462200,134.1727448
2019-04-24,141.3099976,139.7799988,140.6000061,139.9499969,2774900,133.7046051
2019-04-25,139.75,137.7100067,139.6999969,138.6300049,2910100,132.4435272
2019-04-26,139.8899994,138.8099976,139.3399963,139.4400024,2319800,133.2173767
2019-04-29,139.6300049,138.8099976,139.1499939,139.0500031,2958300,132.8447876
2019-04-30,140.4400024,138.6799927,139.1100006,140.2700043,4638800,134.0103455
2019-05-01,141.8099976,140.1699982,140.5500031,140.5599976,3053700,134.287384
2019-05-02,141.2799988,139.4100037,140.5,139.5899963,3541400,133.3606873
2019-05-03,141,139.6300049,139.6999969,140.25,2579900,133.9912415
2019-05-06,140.6900024,137.8999939,138.3000031,140.3800049,2793300,134.1154327
2019-05-07,139.5099945,136.1900024,139.1499939,137.6399994,4726800,131.4977112
2019-05-08,138.6999969,137.1300049,137.7700043,138,3818900,131.8416443
2019-05-09,135.5800018,133.0299988,134.8899994,135.3399963,4192700,130.8362427
2019-05-10,135.75,132.4199982,134.8800049,135.3200073,3977600,130.816925
2019-05-13,133.5700073,130.9600067,133.2799988,131.4199982,4958000,127.0466919
2019-05-14,134.3200073,131.6799927,131.8200073,133.3099976,3280400,128.8737946
2019-05-15,134.5899963,132.3699951,132.5899963,134.3999939,2551000,129.9275208
2019-05-16,136.1100006,134.6399994,134.7400055,135.8800049,3017300,131.3582764
2019-05-17,135.4100037,133.9400024,134.6799927,134.3200073,2619100,129.8502045
2019-05-20,135.4299927,132.9299927,133.5299988,135.1199951,3264500,130.6235657
2019-05-21,137.0599976,135.7899933,136.1199951,136.4499969,2503500,131.9093018
2019-05-22,136.75,135.7100067,136,136.3500061,1849800,131.8126526
2019-05-23,135.1300049,130.4400024,135.1300049,132.3899994,5343400,127.9844055
2019-05-24,134.25,131.5899963,133.5299988,132.2799988,2596100,127.878067
2019-05-28,132.6399994,130.2700043,132.1300049,130.4600067,4908800,126.1186523
2019-05-29,130.2799988,128.3200073,130,129.6900024,3679000,125.3742676
2019-05-30,129.9700012,128.9299927,129.7400055,129.5700073,2741900,125.258255
2019-05-31,128.4400024,126.8499985,128.4400024,126.9899979,3539300,122.7641068
2019-06-03,128.5599976,127.0599976,127.0999985,128.2700043,4266900,124.0015182
2019-06-04,132.7400055,129.0899963,129.5599976,132.6900024,3913500,128.2744446
2019-06-05,133.6100006,130.4700012,133.3800049,131.4900055,3161300,127.1143799
2019-06-06,132.6499939,130.8999939,132.1900024,132.2200012,2298200,127.8200684
2019-06-07,134.7200012,132.2100067,132.4700012,133.3099976,2553400,128.8737946
2019-06-10,135.3500061,133.9100037,134.3800049,134.7400055,2911300,130.2562103
2019-06-11,136.4600067,135.0500031,135.3200073,135.9499969,3407300,131.4259491
2019-06-12,135.9400024,134.4100037,135.5599976,134.8699951,2254700,130.3818817
2019-06-13,136.2700043,135.0899963,135.1300049,135.7599945,2955300,131.2422638
2019-06-14,135.8800049,134.4299927,135.4400024,135.1499939,2193300,130.6525726
2019-06-17,136.0299988,134.6999969,135.3899994,134.9499969,2194100,130.4592285
2019-06-18,137.1900024,135.1999969,135.1999969,136.3800049,2914700,131.8416443
2019-06-19,138.3600006,136.2400055,136.4299927,137.0800018,2382400,132.5183411
2019-06-20,139.5399933,138.1999969,138.9299927,138.8500061,3071000,134.2294464
2019-06-21,139.5399933,138.3899994,138.4400024,139.1999969,5288700,134.5677795
2019-06-24,140.1499939,139.0500031,139.1999969,139.3500061,2186000,134.7128143
2019-06-25,139.5500031,138.1300049,139.4600067,138.3600006,2801200,133.7557373
2019-06-26,139.6799927,138.4100037,138.8699951,138.5200043,2284600,133.9104309
2019-06-27,139.3000031,137.9499969,138.7200012,138.5200043,2149800,133.9104309
2019-06-28,139.1399994,137.8399963,138.5700073,137.8999939,6153900,133.3110504
2019-07-01,141.4900055,139.2799988,139.6000061,139.8800049,3377700,135.225174
2019-07-02,140.4299927,139.4700012,139.75,140.2200012,2409700,135.5538483
2019-07-03,141.8200073,140.4299927,140.7200012,141.5399933,1930400,136.8299255
2019-07-05,141.4900055,139.9100037,140.8699951,141.3800049,2134700,136.6752625
2019-07-08,141.2899933,140.2700043,141.0500031,140.5700073,2395300,135.8922119
2019-07-09,140.9900055,139.1300049,140.6100006,139.3300018,3365200,134.6934662
2019-07-10,141.9100037,139.7899933,140,140.4700012,2513900,135.7955322
2019-07-11,141.5800018,140.3000031,140.7899933,141.2400055,2132900,136.5399323
2019-07-12,142.9199982,141.6600037,141.9199982,142.7400055,2786200,137.9900055
2019-07-15,143.5099945,142.1199951,142.8899994,143.3200073,2368300,138.550705
2019-07-16,144.0399933,143.0200043,143.1699982,143.5299988,3474700,138.7537079
2019-07-17,143.8000031,141.9499969,143.6100006,143.0700073,6064300,138.309021
2019-07-18,150.3099976,142.1999969,142.5,149.6300049,12695400,144.6507111
2019-07-19,151.5800018,149.5500031,149.9600067,149.6799927,7290700,144.6990356
2019-07-22,151.9400024,149.6999969,150.1600037,149.7400055,4092600,144.7570496
2019-07-23,150.7200012,148.3800049,150.5700073,150.3800049,3742200,145.3757782
2019-07-24,151.4499969,149.1999969,150.1199951,150.0299988,2952400,145.0373993
2019-07-25,150.6199951,148.6100006,149.8200073,150.3899994,3102100,145.3854218
2019-07-26,151.4100037,150.1000061,151,151.3600006,2904300,146.3231506
2019-07-29,151.4799957,150.3200073,151.1100006,150.8800049,2075500,145.8591156
2019-07-30,150.3999939,149.2200012,150,149.7700043,2632700,144.7860565
2019-07-31,150.1799927,146.3899994,149.6999969,148.2400055,3722900,143.3069763
2019-08-01,152.8200073,148.5,148.8999939,150.3200073,6344000,145.317749
2019-08-02,152.9499969,145.5899963,149.0299988,147.25,8101700,142.3499146
2019-08-05,145.1000061,139.1499939,144.9799957,140.7599945,7114900,136.075882
2019-08-06,142.4700012,139.3099976,142.0299988,140.7299957,5070700,136.046875
2019-08-07,139.5800018,136.4100037,138.7400055,139.1100006,5931900,134.4807892
2019-08-08,140.4199982,137.7599945,138.4499969,140.1000061,5261100,137.0336761
2019-08-09,139.3099976,135.3500061,139.2700043,136.1300049,5244600,133.1505585
2019-08-12,135.8699951,133.1799927,135.6600037,134.1199951,3895600,131.1845398
2019-08-13,136.5700073,132.8099976,133.8000031,135.7899933,4522100,132.8179932
2019-08-14,134.1600037,130.9799957,133.9100037,131.25,5114200,128.3773651
2019-08-15,132.3699951,130.25,131.2200012,131.9199982,3738900,129.0326996
2019-08-16,134.5899963,132.9499969,133.0399933,133.7599945,3012000,130.8324127
2019-08-19,136.3300018,134.8800049,134.8800049,135.0399933,3165100,132.0844116
2019-08-20,135.2799988,132.8099976,135.2400055,133,3018600,130.0890503
2019-08-21,135.9400024,133.8000031,134.9600067,134.25,2805700,131.3116913
2019-08-22,135.6799927,133.8099976,134.6900024,134.3200073,2694900,131.380188
2019-08-23,134.2599945,128.8300018,133.6300049,129.5700073,4818400,126.7341309
2019-08-26,131.3000031,129.1600037,131.0500031,129.9900055,2833900,127.1449432
2019-08-27,131.6999969,130.3099976,131.1999969,131.1699982,4728000,128.2991028
2019-08-28,132.8899994,130.0399933,130.4400024,132.7599945,2713600,129.8543091
2019-08-29,135.6900024,134.0399933,134.1799927,134.8800049,2971800,131.9279175
2019-08-30,136.0700073,134.3600006,135.5800018,135.5299988,2960600,132.5636902
2019-09-03,134.8999939,133.3300018,134.8500061,134.1000061,2827900,131.1649933
2019-09-04,136.4299927,135.1499939,135.7100067,136.3200073,2247900,133.3364105
2019-09-05,141.6999969,138.0500031,138.3000031,140.9700012,5011600,137.884613
2019-09-06,141.5299988,140.4600067,141.5200043,140.5700073,2576800,137.4933777
2019-09-09,143.0200043,140.4600067,140.5899963,142.6000061,4226600,139.4789429
2019-09-10,145.4600067,142.9600067,143,145.0500031,4979700,141.8753204
2019-09-11,145.1199951,142.7100067,144.8500061,143.6000061,3869700,140.4570618
2019-09-12,144.0399933,141.8800049,144.0299988,143.6199951,2505400,140.4766235
2019-09-13,144.6499939,143.2599945,144.3200073,143.6699982,2206600,140.525528
2019-09-16,143.6399994,142.2700043,142.5599976,142.4799957,1928500,139.3615723
2019-09-17,142.4799957,140.6600037,142.4799957,142.1999969,2933200,139.0876923
2019-09-18,142.3000031,140.5099945,142.0500031,142.2200012,1983600,139.1072693
2019-09-19,145.0299988,142.4499969,142.4600067,142.9700012,3089900,139.8408508
2019-09-20,143.8300018,141.8200073,143.25,141.8800049,5193400,138.774704
2019-09-23,142.2200012,140.5599976,141.1900024,142.0700073,1817900,138.960556
2019-09-24,142.8899994,141.0700073,142.5,141.6799927,3231600,138.579071
2019-09-25,143.6300049,140.8600006,141.7400055,143.1600037,2526700,140.0266876
2019-09-26,143.8800049,141.4100037,143.1699982,143.5500031,2309800,140.4081573
2019-09-27,145.0899963,142.3800049,144.4100037,143.2400055,2356800,140.10495
2019-09-30,146.5700073,143.7299957,143.7299957,145.4199982,3988400,142.2372284
2019-10-01,147.3500061,143.5399933,145.5899963,143.6600037,2960800,140.5157471
2019-10-02,142.2700043,140.5700073,142.1900024,141.6900024,3340800,138.5888519
2019-10-03,142.0700073,139.1799927,141.6199951,142.0200043,2928800,138.9116516
2019-10-04,143.0599976,141.0299988,142.0599976,142.9900055,2413600,139.8604126
2019-10-07,142.6999969,141.2200012,142.2599945,141.2799988,2426500,138.1878357
2019-10-08,140.4700012,138.25,140.2400055,138.3800049,3225400,135.3513184
2019-10-09,140.3300018,138.7899933,139.7700043,139.6699982,2620800,136.6130829
2019-10-10,141.7799988,139.5599976,139.7700043,141.1300049,2593700,138.0411224
2019-10-11,144.5,142.6100006,142.7700043,142.7599945,2996800,139.635437
2019-10-14,142.4299927,141.3200073,142.3099976,142.0399933,2309500,138.9311981
2019-10-15,143.7200012,141.8099976,142.5399933,143,3025500,139.8701935
2019-10-16,142.9499969,141.3899994,142.4900055,142.1100006,5332600,138.9996643
2019-10-17,136,132.9100037,135,134.2599945,15759800,131.3214874
2019-10-18,134.4900055,132.25,134.2200012,134.0899963,7177500,131.1552124
2019-10-21,133.1000061,130.8999939,132.6100006,132.5800018,6306100,129.6782532
2019-10-22,134.0500031,131.6100006,132.5500031,133.9600067,4161600,131.0280609
2019-10-23,134.5700073,132.6999969,133.5200043,134.3800049,3610900,131.438858
2019-10-24,135.0700073,133.3000031,134.8300018,134.0700073,2598500,131.1356506
2019-10-25,135.9299927,134.1000061,134.1199951,135.4400024,2579100,132.4756622
2019-10-28,136.6300049,135.4499969,136,135.9700012,3225700,132.9940491
2019-10-29,135.5700073,133.4400024,135.4199982,133.8200073,4160700,130.8911133
2019-10-30,135.2799988,133.1999969,133.8300018,135.25,2252700,132.2898102
2019-10-31,135.25,133.2299957,135.1100006,133.7299957,3412100,130.8030853
2019-11-01,135.5599976,134.0899963,134.5,135.5299988,3089800,132.5636902
2019-11-04,137.7400055,136.2299957,136.2400055,137.6699982,3335400,134.6568451
2019-11-05,138.7599945,137.6300049,137.8000031,137.8899994,3015000,134.8720398
2019-11-06,138.7799988,137.5500031,138,138.7799988,4477300,135.7425537
2019-11-07,139.1399994,137.5800018,137.8699951,137.6900024,4073800,136.2670746
2019-11-08,137.6100006,136.1600037,137.5800018,137.6100006,2278400,136.1878967
2019-11-11,137.1999969,135,137.1999969,135.4700012,2568000,134.0700226
2019-11-12,136.6600037,135.0200043,135.8699951,135.5899963,3046500,134.1887817
2019-11-13,135.5800018,133.8500061,135.3899994,134.4799957,2918400,133.0902405
2019-11-14,134.3300018,133.3300018,134.1300049,134,4231300,132.6152039
2019-11-15,135.1199951,134.0299988,134.3899994,134.3999939,3262500,133.0110779
2019-11-18,134.4799957,133.2299957,134.3000031,134.3099976,3210400,132.9219971
2019-11-19,135.3800049,134.4600067,134.8800049,134.5200043,2995000,133.129837
2019-11-20,134.4600067,132.75,134.0599976,133.1999969,4138200,131.8234711
2019-11-21,134.1699982,132.9799957,133.3999939,133.8399963,3345300,132.4568634
2019-11-22,134.6499939,133.5899963,134.1900024,134.3399963,3297500,132.9516907
2019-11-25,136,134.3500061,134.4700012,135.9700012,2590100,134.5648499
2019-11-26,136.1499939,134.7700043,136.1499939,135.0899963,3793200,133.6939392
2019-11-27,135.7100067,133.6199951,135.3500061,133.7700043,3280900,132.3875885
2019-11-29,134.5200043,133.0299988,133.6000061,134.4499969,1825300,133.0605621
2019-12-02,134.5,132.4799957,134.4499969,132.9100037,3067100,131.5364838
2019-12-03,132.4400024,130.6900024,132,132.1199951,3642500,130.7546387
2019-12-04,133.6799927,131.9600067,132.8600006,131.9900055,3530000,130.6259918
2019-12-05,133.2400055,131.6300049,132.9900055,131.9100037,3595400,130.546814
2019-12-06,133.8899994,132.6999969,132.75,133.2200012,3437500,131.843277
2019-12-09,134.5899963,133.2599945,133.3500061,133.9199982,2968500,132.5360413
2019-12-10,134.8399963,133.5599976,133.9199982,133.9100037,3480400,132.5261383
2019-12-11,134.5099945,133.6699982,134.1100006,133.7599945,3953300,132.3776855
2019-12-12,135.6600037,133.6600037,133.6999969,135.3200073,4824100,133.9215698
2019-12-13,135.5,134.0099945,134.75,134.2100067,2535000,132.8230438
2019-12-16,135.4499969,133.8500061,134.9400024,134.1300049,3049200,132.743866
2019-12-17,134.6900024,133.4600067,134.2799988,134.2200012,2907200,132.8329315
2019-12-18,135,134.1499939,134.5500031,134.4100037,3101800,133.0209808
2019-12-19,134.7299957,134.1900024,134.4600067,134.5599976,3866500,133.1694183
2019-12-20,136.4199982,134.9499969,135.7400055,135.5899963,7111800,134.1887817
2019-12-23,136.1499939,135,135.7799988,135.5500031,2803200,134.1492004
2019-12-24,135.6199951,134.6100006,135.6100006,134.9799957,1202100,133.585083
2019-12-26,135.3099976,134.6499939,134.9799957,134.9100037,2129700,133.5158081
2019-12-27,135.75,134.8699951,135,135.2700043,2752200,133.8720856
2019-12-30,135.3000031,132.5,135.1999969,132.8099976,4118900,131.4375
2019-12-31,134.1199951,132.3999939,132.5299988,134.0399933,3777500,132.6547852
2020-01-02,135.9199982,134.7700043,135,135.4199982,3148600,134.0205383
2020-01-03,134.8600006,133.5599976,133.5700073,134.3399963,2373700,132.9516907
2020-01-06,134.2400055,133.1999969,133.4199982,134.1000061,2425500,132.7141876
2020-01-07,134.9600067,133.3999939,133.6900024,134.1900024,3090800,132.8032532
2020-01-08,135.8600006,133.9199982,134.5099945,135.3099976,4346000,133.9116669
2020-01-09,136.7899933,135.3099976,135.7400055,136.7400055,3730600,135.3269043
2020-01-10,137.8699951,136.3099976,137,136.6900024,3255400,135.27742
2020-01-13,136.6399994,135.0700073,135.4799957,136.6000061,3531000,135.1883545
2020-01-14,137.1399994,135.5500031,136.2799988,135.8200073,3681000,134.4164124
2020-01-15,138.0599976,135.7100067,136,136.6199951,4045900,135.2081299
2020-01-16,138.1900024,137.0099945,137.3200073,137.9799957,4320900,136.5540771
2020-01-17,138.3300018,136.1600037,136.5399933,138.3099976,5623300,136.880661
2020-01-21,139.3500061,137.6000061,137.8099976,139.1699982,7244100,137.731781
2020-01-22,145.7899933,142.5500031,143.3200073,143.8899994,16470400,142.4029999
2020-01-23,144.4100037,142.1499939,144.1999969,142.8699951,5657800,141.3935394
2020-01-24,143.9199982,140.4600067,143.3899994,140.5599976,5580200,139.1074219
2020-01-27,140.0700073,138.1000061,138.5,138.6199951,4166600,137.1874542
2020-01-28,140.4700012,138.75,139.5,139.5500031,3451600,138.1078644
2020-01-29,139.5800018,137.6000061,139.1699982,137.6900024,3053800,136.2670746
2020-01-30,136.9700012,134.9700012,136.7599945,136.7700043,5057900,135.3565826
2020-01-31,144.0500031,140.7899933,142.8999939,143.7299957,18994600,142.2446594
2020-02-03,147.2799988,143.8999939,144.25,146.2700043,8887500,144.7584076
2020-02-04,149.3800049,146.8800049,147.7799988,149.1100006,5621000,147.5690613
2020-02-05,157.4400024,150.1499939,150.2100067,156.3300018,14386800,154.714447
2020-02-06,158.75,155.4199982,156.8200073,156.7599945,8400500,155.1399994
2020-02-07,155.5399933,152.9199982,154.5500031,153.4100037,6423400,153.4100037
2020-02-10,154.4400024,151.5800018,152.9700012,154.4299927,5239800,154.4299927
2020-02-11,155.2200012,152.7299957,155.1199951,153.4799957,3835100,153.4799957
2020-02-12,155.6000061,153.5200043,153.75,155.3099976,4437800,155.3099976
2020-02-13,154.8300018,153.4100037,154.3699951,154.3099976,3820700,154.3099976
2020-02-14,154.5599976,149.7700043,154.4199982,150.6999969,6099200,150.6999969
2020-02-18,151.3800049,149.6399994,149.7899933,151.1000061,3343000,151.1000061
2020-02-19,151.8899994,150.3099976,151.5399933,150.8600006,2732900,150.8600006
2020-02-20,151.6199951,149.5099945,150.8099976,151.2200012,2880500,151.2200012
2020-02-21,151.0399933,148.8399963,151.0399933,149.8399963,3536900,149.8399963
2020-02-24,148.0500031,145.3800049,145.5099945,146.4299927,5452400,146.4299927
2020-02-25,147.0700073,141.2599945,146.5099945,141.7100067,6211500,141.7100067
2020-02-26,144.0599976,139.6000061,142.8999939,139.75,5407900,139.75
2020-02-27,138.6900024,133.0099945,137.2400055,133.1100006,8421100,133.1100006
2020-02-28,131.0899963,126.3600006,129.9799957,130.1499939,13012200,130.1499939
2020-03-02,134.4400024,127.9499969,130.75,134.3000031,8531400,134.3000031
2020-03-03,136.1000061,127.8000031,134.4799957,128.8999939,7896100,128.8999939
2020-03-04,134.2799988,129,131.5800018,134.2200012,4996400,134.2200012
2020-03-05,132.2899933,128.4499969,130.5,129.5500031,5446200,129.5500031
2020-03-06,128.3300018,124.5199966,126.6999969,127.7300034,8193300,127.7300034
2020-03-09,122.4100037,117.2799988,120.1600037,117.8099976,10757500,117.8099976
2020-03-10,124.8799973,115.7600021,122.7799988,124.7699966,11410700,124.7699966
2020-03-11,122.5800018,116.3799973,121.0100021,117.9700012,8446500,117.9700012
2020-03-12,109.8000031,102.2799988,109.6500015,102.8099976,12512700,102.8099976
2020-03-13,109.1600037,100.8099976,108.6800003,107.9499969,12502100,107.9499969
2020-03-16,107.4100037,95,98,99.08000183,10568000,99.08000183
2020-03-17,107.4000015,97.09999847,100.6100006,106.6500015,9258300,106.6500015
2020-03-18,106.9300003,99.40000153,99.41000366,103.5500031,8772500,103.5500031
2020-03-19,103.6900024,98.23999786,102.3300018,100.3399963,8396500,100.3399963
2020-03-20,100.9899979,94.70999908,100.9199982,95.38999939,10546500,95.38999939
2020-03-23,97.73999786,90.55999756,94.59999847,94.76999664,9729400,94.76999664
2020-03-24,106.0400009,99.26000214,99.98999786,105.4800034,7973900,105.4800034
2020-03-25,112.4800034,102.8300018,105.4800034,105.8499985,8654000,105.8499985
2020-03-26,113.1500015,105.5699997,106.9100037,112.8899994,7153500,112.8899994
2020-03-27,111.5,107.6500015,108.5800018,108.0299988,6423000,108.0299988
2020-03-30,113.4599991,107.8099976,108.0899963,112.9300003,5564500,112.9300003
2020-03-31,113.8099976,110.1699982,112,110.9300003,6343300,110.9300003
2020-04-01,109.9199982,104.5199966,106.3600006,105.1399994,6112900,105.1399994