Date,Open,High,Low,Close,Volume
8-Apr-20,165.12,166.11,164.46,165.09,9200000
7-Apr-20,164.96,166.42,163.71,166.3,13800000
6-Apr-20,167,168.27,166.53,168.06,9410000
3-Apr-20,168.55,170.33,168.14,168.5,6570000
2-Apr-20,168.83,169.22,167.26,168.1,5770000
1-Apr-20,168.48,168.96,166.4,167.04,11300000
31-Mar-20,165.7,166.92,164.56,164.97,11260000
30-Mar-20,168.3,170.11,165.94,166.32,13470000
27-Mar-20,165.52,168.25,164.59,167.7,12550000
26-Mar-20,163.99,165.67,162.29,163.34,10580000
25-Mar-20,163.91,166.62,161.66,162.54,10750000
24-Mar-20,162.13,165.39,160.42,162.91,11950000
23-Mar-20,157.5,166.69,156.57,166,19970000
20-Mar-20,153.3,159.43,152.11,159.43,20860000
19-Mar-20,147,153.16,145.29,148.28,21180000
18-Mar-20,151.48,154.13,139.2,144.35,47060000
17-Mar-20,163.5,165.63,152.71,152.98,18570000
16-Mar-20,160.38,166.15,157.81,163.91,30500000
13-Mar-20,155,158.2,152.19,153.94,19810000
12-Mar-20,163.51,166.36,155.66,157.5,24360000
11-Mar-20,165.43,167.03,155.63,156.53,29590000
10-Mar-20,169.63,172.93,162.03,162.51,37730000
9-Mar-20,179.1,179.7,170.34,171.29,41550000
6-Mar-20,167.3,169.33,164.11,166.77,76290000
5-Mar-20,157.13,158.82,156.81,158.52,17790000
4-Mar-20,156.41,157.35,154.19,154.67,23460000
3-Mar-20,153.81,159.7,152.36,156.33,38610000
2-Mar-20,155.3,156.5,153.76,153.94,28150000
28-Feb-20,154.45,155.98,154.16,155.31,45010000
27-Feb-20,152.7,153.08,150.83,151.88,30690000
26-Feb-20,149.95,151.72,149.58,150.25,22600000
25-Feb-20,150.21,151.76,150.14,151.05,20800000
24-Feb-20,150.83,150.96,150,150.25,15930000
21-Feb-20,147.8,148.88,147.65,148.04,13860000
20-Feb-20,146.08,146.94,146,146.67,9330000
19-Feb-20,145.12,145.62,144.98,145.53,5710000
18-Feb-20,145.34,146.05,144.92,145.54,6910000
14-Feb-20,144.76,145.08,144.45,144.55,7140000
13-Feb-20,143.44,144.2,143.27,143.92,7880000
12-Feb-20,143.37,143.55,142.99,143.37,5600000
11-Feb-20,144.59,144.72,143.94,144.1,7780000
10-Feb-20,145.1,145.25,144.68,144.83,6700000
7-Feb-20,144.22,144.74,143.87,144.43,11370000
6-Feb-20,142.18,142.88,142,142.65,6680000
5-Feb-20,142.3,142.7,141.9,142.01,10780000
4-Feb-20,143.99,144.14,143.06,143.58,11390000
3-Feb-20,144.94,145.75,144.12,145.54,15310000
31-Jan-20,145.17,145.99,145.09,145.9,14540000
30-Jan-20,144.9,145.67,144.29,144.58,14710000
29-Jan-20,143.44,144.7,143.43,144.56,9570000
28-Jan-20,143.93,144.09,142.82,143.16,10610000
27-Jan-20,143.95,144.29,143.5,144.29,10940000
24-Jan-20,141.42,142.55,141.3,142.08,8580000
23-Jan-20,140.84,141.38,140.78,140.94,9750000
22-Jan-20,139.72,140.14,139.59,139.96,6320000
21-Jan-20,138.81,139.65,138.77,139.47,6790000
17-Jan-20,137.58,138.14,137.36,138.02,9690000
16-Jan-20,139.26,139.53,138.74,139.21,6800000
15-Jan-20,139.52,139.76,139.02,139.65,6290000
14-Jan-20,138.18,138.82,138.13,138.73,13920000
13-Jan-20,137.88,138.09,137.39,138.02,5970000
10-Jan-20,137.67,138.47,137.63,138.44,8780000
9-Jan-20,136,137.44,135.91,137.22,7410000
8-Jan-20,137.93,138.31,136.32,136.74,10630000
7-Jan-20,138.22,138.47,137.64,137.65,8460000
6-Jan-20,139.69,139.71,138.15,138.33,11370000
3-Jan-20,138.27,139.16,137.88,139.12,12370000
2-Jan-20,136.79,137.53,136.66,137.01,11030000
31-Dec-19,136.21,136.46,135.38,135.48,10710000
30-Dec-19,135.89,136.9,135.66,136.82,7980000
27-Dec-19,137.44,137.63,137.29,137.32,7300000
26-Dec-19,136.91,137.22,136.51,137.17,5290000
24-Dec-19,135.92,137.06,135.89,136.84,4670000
23-Dec-19,136.81,136.97,136,136.45,5180000
20-Dec-19,136.13,136.69,135.93,136.65,5460000
19-Dec-19,136,136.86,135.76,136.47,6590000
18-Dec-19,137.3,137.45,136.28,136.47,6240000
17-Dec-19,138.21,138.34,137.21,137.6,6180000
16-Dec-19,138.4,138.46,137.43,137.79,9160000
13-Dec-19,138.12,139.61,137.23,139.04,11340000
12-Dec-19,139.19,139.28,136.61,137.45,14870000
11-Dec-19,139.3,140.14,139.23,139.75,6260000
10-Dec-19,139.18,139.35,138.41,138.66,4950000
9-Dec-19,138.99,139.11,138.57,138.65,4160000
6-Dec-19,138.03,139.12,137.86,138.35,7930000
5-Dec-19,138.66,139.44,138.6,139.12,7270000
4-Dec-19,140.34,140.5,139.21,139.8,8590000
3-Dec-19,140.04,141.77,139.93,141.21,13320000
2-Dec-19,138.14,138.67,137.95,138.31,17710000
29-Nov-19,140.62,140.68,139.78,140.42,6250000
27-Nov-19,140.6,140.91,140.42,140.72,4100000
26-Nov-19,141,141.31,140.94,141.13,4280000
25-Nov-19,140.3,140.53,140.18,140.31,4160000
22-Nov-19,140.1,140.28,139.68,139.9,4670000
21-Nov-19,139.64,140.08,139.12,139.72,5980000
20-Nov-19,139.91,140.6,139.77,140.6,7910000
19-Nov-19,138.37,139.24,138.37,139.16,7890000
18-Nov-19,138.21,138.61,137.93,138.01,5940000
15-Nov-19,137.48,138.16,137.43,137.76,4660000
14-Nov-19,137.8,138.44,137.67,137.91,10270000
13-Nov-19,136.81,136.96,136.16,136.5,6750000
12-Nov-19,135.28,135.95,134.79,135.62,5770000
11-Nov-19,135.38,135.39,134.64,135,4580000
8-Nov-19,135.15,135.95,134.78,134.91,10230000
7-Nov-19,136.35,136.36,134.45,135.48,19210000
6-Nov-19,138.02,138.41,137.34,137.98,9350000
5-Nov-19,137.22,137.44,136.73,137.15,13500000
4-Nov-19,138.97,139.14,138.53,138.71,11130000
1-Nov-19,140.73,141.27,139.79,140.56,11430000
31-Oct-19,140.48,141.68,140.43,141.24,15840000
30-Oct-19,137.77,139.45,137.77,139.36,10910000
29-Oct-19,137.62,137.74,137.17,137.35,5300000
28-Oct-19,137.58,137.58,136.99,137.26,11400000
25-Oct-19,139.53,139.55,138.31,138.52,5670000
24-Oct-19,139.68,140.24,139.03,139.2,6830000
23-Oct-19,140.03,140.31,139.36,139.48,6000000
22-Oct-19,139.38,139.53,138.63,139.34,6690000
21-Oct-19,138.57,138.99,138.22,138.53,8190000
18-Oct-19,139.81,140.23,139.45,139.58,6460000
17-Oct-19,139.52,140.38,139.3,139.58,6560000
16-Oct-19,139.64,140.06,139.35,139.92,8650000
15-Oct-19,140.67,140.94,139.55,139.75,12660000
14-Oct-19,141.48,141.5,141.08,141.46,5940000
11-Oct-19,140.98,141.1,139.71,140.44,28510000
10-Oct-19,143.12,143.18,141.73,142.2,15060000
9-Oct-19,144.6,144.61,143.8,144.35,8930000
8-Oct-19,145.82,145.93,144.62,145.17,14540000
7-Oct-19,145.16,145.53,144.71,144.78,11750000
4-Oct-19,145.35,146.03,145.2,145.99,11940000
3-Oct-19,143.98,145.67,143.92,144.92,13530000
2-Oct-19,143.46,144.27,143.24,143.61,12900000
1-Oct-19,141.26,143.91,141.14,143.26,16870000
30-Sep-19,141.88,143.09,141.84,143.08,8410000
27-Sep-19,142.32,142.97,142.14,142.73,10390000
26-Sep-19,142.27,142.99,141.9,142.38,10780000
25-Sep-19,143.26,143.55,141.14,141.47,14520000
24-Sep-19,142.42,143.84,142.41,143.57,12950000
23-Sep-19,142.24,143.16,141.7,141.86,15400000
20-Sep-19,140.77,141.98,140.44,141.89,13380000
19-Sep-19,140.76,140.99,139.97,140.04,13430000
18-Sep-19,139.93,140.66,139.53,139.62,11110000
17-Sep-19,138.36,139.6,138.02,139.03,9290000
16-Sep-19,137.88,138.57,137.25,138.28,10970000
13-Sep-19,138.28,138.71,136.54,136.54,18920000
12-Sep-19,141.5,141.8,139.06,139.52,19160000
11-Sep-19,140.4,141.15,140.39,140.44,10940000
10-Sep-19,142.84,143.29,140.66,140.69,13850000
9-Sep-19,143.83,144,143.19,143.2,15860000
6-Sep-19,145.26,146.03,145.08,145.79,9470000
5-Sep-19,145.66,145.8,143.89,144.76,19390000
4-Sep-19,146.53,147.62,146.48,147.43,7960000
3-Sep-19,147.09,148.67,146.57,147.21,15660000
30-Aug-19,146.61,147.48,146.36,147.28,13550000
29-Aug-19,147.25,147.34,146.13,147.24,8880000
28-Aug-19,148.78,148.9,147.66,147.8,10100000
27-Aug-19,146.63,147.72,146.48,147.61,11330000
26-Aug-19,145.87,146.29,145.29,145.37,12170000
23-Aug-19,143.52,146.27,143.43,145.96,16190000
22-Aug-19,144,144.7,143.48,143.6,13880000
21-Aug-19,144.72,145.79,144.28,144.56,9370000
20-Aug-19,145.28,145.62,144.84,145.53,7450000
19-Aug-19,143.57,144.66,143.51,144.04,13620000
16-Aug-19,146.06,146.51,144.84,146.13,17650000
15-Aug-19,145.95,148.6,145.58,147.31,23730000
14-Aug-19,145.16,145.73,144.71,145.69,15070000
13-Aug-19,143.81,143.91,141.95,142.48,16100000
12-Aug-19,141.72,143.43,141.51,142.97,14090000
9-Aug-19,140.67,141.55,139.87,140.05,10630000
8-Aug-19,139.14,140.43,137.98,140.33,14750000
7-Aug-19,142.4,143.06,139.78,140.03,32580000
6-Aug-19,138.2,139.98,138.09,139.98,12750000
5-Aug-19,138.14,138.89,137.66,138.87,18540000
2-Aug-19,135.66,136.51,135.4,136.51,15140000
1-Aug-19,133.39,135.39,133.26,135.26,26670000
31-Jul-19,131.7,133.33,131.66,132.89,15800000
30-Jul-19,132,132.1,131.43,131.83,5680000
29-Jul-19,131.82,131.95,131.4,131.51,6230000
26-Jul-19,131.7,131.78,131.25,131.47,6190000
25-Jul-19,131.25,131.41,130.51,131.16,8890000
24-Jul-19,131.6,131.9,131.47,131.79,6390000
23-Jul-19,131.6,131.74,130.97,131.22,8110000
22-Jul-19,132.47,132.49,131.74,131.94,5200000
19-Jul-19,131.59,131.93,131.5,131.69,5800000
18-Jul-19,131.47,132.32,131.24,132,5730000
17-Jul-19,131.06,132.02,131.05,131.99,9660000
16-Jul-19,130.17,130.6,129.96,130.58,6170000
15-Jul-19,130.45,131.05,130.45,130.97,6060000
12-Jul-19,129.92,130.45,129.68,130.22,6990000
11-Jul-19,131.31,131.41,129.76,130.07,14130000
10-Jul-19,132.35,132.44,131.51,131.83,9470000
9-Jul-19,132.68,132.71,132.16,132.56,6220000
8-Jul-19,133.05,133.22,132.61,132.61,6490000
5-Jul-19,132.54,132.55,131.67,132.43,12180000
3-Jul-19,133.52,134.29,133.51,134.21,5380000
2-Jul-19,132.57,133.39,132.46,133.26,10500000
1-Jul-19,132.57,132.75,131.59,132.24,14140000
28-Jun-19,132.58,133.08,132.45,132.81,8150000
27-Jun-19,132.31,133.09,131.99,132.9,9720000
26-Jun-19,132.68,132.7,131.88,131.97,12770000
25-Jun-19,132.79,133.09,132.72,132.82,9600000
24-Jun-19,132.16,132.53,132.08,132.41,6380000
21-Jun-19,132.51,132.53,131.38,131.43,14500000
20-Jun-19,132.91,133.5,132.59,132.89,10720000
19-Jun-19,131.86,132.72,131.58,132.54,11960000
18-Jun-19,132.74,132.86,131.94,132.35,10320000
17-Jun-19,131.39,131.76,131.13,131.69,6050000
14-Jun-19,131.1,131.71,131.09,131.46,5840000
13-Jun-19,130.8,131.25,130.79,131.13,5560000
12-Jun-19,130.39,130.75,130.3,130.68,5280000
11-Jun-19,130.42,130.76,130.32,130.58,5120000
10-Jun-19,130.68,130.7,130.32,130.5,8290000
7-Jun-19,131.79,132.07,131.44,131.74,11380000
6-Jun-19,130.97,131.59,130.32,130.61,9620000
5-Jun-19,130.52,130.95,130.12,130.19,8820000
4-Jun-19,131.39,131.76,130.55,130.93,14250000
3-Jun-19,131.91,132.58,131.55,132.44,17820000
31-May-19,130.9,131.9,130.81,131.83,18930000
30-May-19,129.33,130.23,128.89,130.2,13020000
29-May-19,129.67,129.9,129,129.09,13260000
28-May-19,128.27,128.9,128.09,128.79,8100000
24-May-19,127.56,127.78,127.39,127.78,4980000
23-May-19,126.89,128.09,126.88,127.67,9740000
22-May-19,125.77,126.33,125.72,126.25,5680000
21-May-19,125.6,125.72,125.3,125.53,4020000
20-May-19,126.12,126.38,125.65,125.73,6040000
17-May-19,126.28,126.3,125.69,125.99,4750000
16-May-19,125.81,125.83,125.53,125.71,7670000
15-May-19,126.21,126.27,125.77,126.13,9570000
14-May-19,125.51,125.65,125.2,125.36,5690000
13-May-19,125.4,125.93,125.25,125.73,10500000
10-May-19,124.89,125.45,124.59,124.75,6040000
9-May-19,125.11,125.3,124.31,124.92,9410000
8-May-19,125.15,125.3,124.3,124.41,6910000
7-May-19,124.53,125.14,124.39,124.95,8980000
6-May-19,124.31,124.38,123.92,124,4480000
3-May-19,123.66,123.88,123.37,123.66,6190000
2-May-19,123.68,123.81,123.04,123.31,6610000
1-May-19,123.69,124.45,123.6,123.9,14370000
30-Apr-19,122.95,123.74,122.93,123.65,7960000
29-Apr-19,123.23,123.35,122.85,123.02,10250000
26-Apr-19,123.98,124.02,123.64,123.81,5950000
25-Apr-19,123.49,123.62,123.1,123.39,5380000
24-Apr-19,123.11,123.59,123.09,123.57,7300000
23-Apr-19,122.61,122.7,122.39,122.57,6240000
22-Apr-19,122.47,122.57,122.23,122.31,6240000
18-Apr-19,122.81,123.1,122.78,122.9,27590000
17-Apr-19,122.13,122.57,122.11,122.26,6120000
16-Apr-19,122.51,122.63,122.14,122.21,8930000
15-Apr-19,122.78,122.99,122.72,122.98,3070000
12-Apr-19,122.89,123.06,122.63,122.67,7010000
11-Apr-19,123.93,124.02,123.41,123.55,8680000
10-Apr-19,124.27,124.52,124.1,124.28,7520000
9-Apr-19,124.22,124.33,123.77,123.98,7020000
8-Apr-19,123.83,123.95,123.52,123.59,4450000
5-Apr-19,123.62,124.17,123.58,124.03,6320000
4-Apr-19,123.6,123.89,123.44,123.87,7500000
3-Apr-19,123.61,123.87,123.37,123.52,10410000
2-Apr-19,124.48,124.74,124.25,124.6,9730000
1-Apr-19,125.29,125.36,124.19,124.37,16500000
29-Mar-19,125.68,126.47,125.64,126.44,10840000
28-Mar-19,126.25,126.69,126.01,126.56,9140000
27-Mar-19,125.42,126.34,125.31,126.12,14210000
26-Mar-19,124.7,125.29,124.62,124.97,7500000
25-Mar-19,124.81,125.94,124.51,125.06,9740000
22-Mar-19,124.21,125.28,124.06,124.86,13080000
21-Mar-19,122.96,123.09,122.74,122.95,7180000
20-Mar-19,121.74,122.85,121.73,122.68,10120000
19-Mar-19,121.09,121.61,120.89,121.41,5220000
18-Mar-19,121.57,121.87,121.52,121.68,3890000
15-Mar-19,121.74,121.95,121.4,121.75,4300000
14-Mar-19,121.69,121.76,120.92,120.95,8190000
13-Mar-19,121.66,121.96,121.62,121.83,4390000
12-Mar-19,121.3,122.23,121.25,122.06,6420000
11-Mar-19,121.4,121.42,120.98,121.21,5160000
8-Mar-19,121.12,121.69,120.84,121.57,7520000
7-Mar-19,120.64,121.26,120.61,121.06,8190000
6-Mar-19,119.92,120.52,119.89,120.28,7770000
5-Mar-19,119.28,119.87,119.27,119.84,5600000
4-Mar-19,119.29,119.77,119.06,119.59,9810000
1-Mar-19,119.33,119.53,118.64,118.66,13540000
28-Feb-19,120.56,120.62,119.71,120.02,9530000
27-Feb-19,121.12,121.13,120.28,120.43,7740000
26-Feb-19,121.73,121.82,121.36,121.81,6030000
25-Feb-19,121.17,121.3,120.92,121.21,6290000
22-Feb-19,121.47,121.94,121.42,121.57,6370000
21-Feb-19,121.07,121.16,120.7,120.85,7380000
20-Feb-19,121.95,122.08,121.59,121.94,4460000
19-Feb-19,122.42,122.54,121.95,122.29,5870000
15-Feb-19,121.56,122.02,121.54,121.98,5530000
14-Feb-19,122.14,122.2,121.58,121.79,5870000
13-Feb-19,121.15,121.39,120.91,121.1,4760000
12-Feb-19,121.66,121.75,121.2,121.56,7940000
11-Feb-19,121.86,122.18,121.75,121.87,4350000
8-Feb-19,122.26,122.47,122.07,122.35,5890000
7-Feb-19,121.46,121.91,121.23,121.83,8780000
6-Feb-19,121.36,121.41,120.73,121.03,5180000
5-Feb-19,120.73,121.23,120.66,120.97,6980000
4-Feb-19,120.44,120.55,120.02,120.42,8970000
1-Feb-19,121.48,121.57,120.84,120.96,12020000
31-Jan-19,121.55,122.18,121.5,121.97,11840000
30-Jan-19,120.84,120.98,120.33,120.93,10570000
29-Jan-19,120.53,121.04,120.39,121.02,5750000
28-Jan-19,120.54,120.94,120.41,120.41,6440000
25-Jan-19,120.59,120.75,120.32,120.53,6460000
24-Jan-19,120.91,121.26,120.71,121.11,7120000
23-Jan-19,119.88,120.62,119.83,120.32,5780000
22-Jan-19,120.31,120.72,120.07,120.37,8880000
18-Jan-19,119.84,120.12,119.39,119.56,14110000
17-Jan-19,120.22,120.53,119.89,120.19,8150000
16-Jan-19,119.59,120.39,119.51,120.16,6050000
15-Jan-19,120.56,120.57,119.95,120.04,9000000
14-Jan-19,120.9,121.01,120.24,120.48,6730000
11-Jan-19,120.83,121.27,120.68,120.93,5790000
10-Jan-19,121.28,121.41,120.34,120.46,8220000
9-Jan-19,121.26,121.43,120.8,121.24,9350000
8-Jan-19,121.69,121.94,121.39,121.43,7740000
7-Jan-19,122.62,122.65,121.62,121.75,8500000
4-Jan-19,122.34,122.56,121.65,122.11,12970000
3-Jan-19,122.29,123.86,122.23,123.54,21190000
2-Jan-19,121.66,122.16,121.34,122.15,19840000
31-Dec-18,120.65,121.56,120.46,121.51,17410000
28-Dec-18,120.4,121.05,120.29,121.05,9880000
27-Dec-18,121.26,121.38,119.98,120.04,12150000
26-Dec-18,120.99,121.39,119.97,120.02,11700000
24-Dec-18,121.13,121.42,120.91,121.32,8380000
21-Dec-18,121.14,121.21,120.39,120.72,9950000
20-Dec-18,122.01,122.03,120.67,120.74,18540000
19-Dec-18,120.11,121.66,119.92,121.18,23050000
18-Dec-18,119.07,119.78,118.94,119.6,10020000
17-Dec-18,118.59,119.3,118.58,119.17,9730000
14-Dec-18,118.55,118.77,118.22,118.48,8170000
13-Dec-18,118.46,118.58,117.98,118.07,5560000
12-Dec-18,118.58,118.72,118.24,118.35,6180000
11-Dec-18,118.97,119.38,118.61,118.88,8070000
10-Dec-18,118.87,119.28,118.44,118.9,8780000
7-Dec-18,117.81,118.53,117.52,118.41,8610000
6-Dec-18,118.54,119.2,118.13,118.19,15320000
4-Dec-18,116.81,118.67,116.62,117.82,18100000
3-Dec-18,114.68,115.88,114.66,115.88,9760000
30-Nov-18,115.31,115.42,114.98,115.33,9130000
29-Nov-18,114.92,115.25,114.59,114.9,7300000
28-Nov-18,114.85,115.02,114.36,114.45,7810000
27-Nov-18,114.81,115.25,114.76,115.01,5970000
26-Nov-18,114.86,115.06,114.78,114.88,6600000
23-Nov-18,115.67,115.76,115.09,115.14,3030000
21-Nov-18,114.89,115.09,114.54,115.02,4950000
20-Nov-18,115.24,115.46,114.93,115.06,6330000
19-Nov-18,114.41,115.02,114.41,115.02,7030000
16-Nov-18,114.2,114.81,113.92,114.7,9240000
15-Nov-18,114.44,114.54,113.68,114.04,7880000
14-Nov-18,113.48,114.52,113.3,114.09,8690000
13-Nov-18,113.71,114.02,113.48,114.02,6530000
12-Nov-18,113.95,114.31,113.91,114.09,6840000
9-Nov-18,112.75,113.5,112.72,113.35,6470000
8-Nov-18,112.96,112.97,112.41,112.51,6910000
7-Nov-18,113.19,113.4,112.41,112.52,9310000
6-Nov-18,112.6,112.73,112.33,112.37,3160000
5-Nov-18,112.48,112.71,112.35,112.44,4760000
2-Nov-18,113.17,113.26,111.9,112,11320000
1-Nov-18,112.85,113.56,112.84,113.41,6100000
31-Oct-18,113.74,113.96,113.21,113.58,8710000
30-Oct-18,114.26,114.54,114.02,114.16,9940000
29-Oct-18,114.84,115.02,114.26,114.73,7680000
26-Oct-18,114.93,115.32,114.79,114.99,18580000
25-Oct-18,114.54,114.74,114.23,114.3,12610000
24-Oct-18,114.36,114.82,114.24,114.78,16010000
23-Oct-18,114.76,115.02,113.84,113.92,10330000
22-Oct-18,113.95,114.08,113.53,113.56,3240000
19-Oct-18,113.85,113.95,113.41,113.71,10890000
18-Oct-18,113.62,114.39,113.55,113.96,5730000
17-Oct-18,114.66,114.78,113.98,114,5880000
16-Oct-18,114.39,114.72,114.16,114.68,4760000
15-Oct-18,114.66,114.82,114.29,114.42,7150000
12-Oct-18,114.39,115.01,114.28,114.47,6790000
11-Oct-18,114,115.15,113.79,114.87,16090000
10-Oct-18,113.14,113.58,112.78,113.49,15290000
9-Oct-18,113.14,113.85,113.07,113.8,11530000
8-Oct-18,112.99,113.11,112.64,112.66,5860000
5-Oct-18,113.39,113.72,112.62,113.04,18100000
4-Oct-18,114.13,114.39,113.71,114.02,16210000
3-Oct-18,116.27,116.36,114.24,114.83,20830000
2-Oct-18,116.67,117.13,116.6,116.86,8270000
1-Oct-18,116.66,116.83,116.12,116.15,22440000
28-Sep-18,117.85,117.91,117.22,117.27,12810000
27-Sep-18,117.24,117.65,117.1,117.58,5760000
26-Sep-18,116.93,117.58,116.66,117.5,9510000
25-Sep-18,116.48,116.74,116.4,116.68,6650000
24-Sep-18,116.74,117.27,116.72,116.8,5510000
21-Sep-18,116.87,117.28,116.84,117.1,6170000
20-Sep-18,116.58,117.3,116.47,117.15,8660000
19-Sep-18,117.11,117.11,116.19,116.61,13380000
18-Sep-18,118.06,118.06,117.16,117.31,10180000
17-Sep-18,118.18,118.82,118.12,118.55,5430000
14-Sep-18,118.41,118.91,118.3,118.55,5580000
13-Sep-18,119.34,119.57,118.98,119.12,4830000
12-Sep-18,119.05,119.17,118.9,118.94,3350000
11-Sep-18,119.08,119.17,118.6,118.66,5440000
10-Sep-18,119.17,119.6,119.17,119.57,6390000
7-Sep-18,119.33,119.4,118.99,119.13,11210000
6-Sep-18,119.76,120.4,119.69,120.15,9570000
5-Sep-18,119.76,119.9,119.55,119.71,9420000
4-Sep-18,119.96,120.09,119.75,120.03,18340000
31-Aug-18,121.89,121.92,120.89,121,9680000
30-Aug-18,121.31,121.46,121.08,121.28,5300000
29-Aug-18,120.94,121.14,120.61,121.02,5610000
28-Aug-18,121,121.09,120.68,120.86,4930000
27-Aug-18,121.78,121.87,121.52,121.59,6410000
24-Aug-18,121.62,122.33,121.49,122.29,6090000
23-Aug-18,122,122.13,121.78,122.05,5330000
22-Aug-18,122,122.05,121.58,121.86,5310000
21-Aug-18,121.37,121.53,121.06,121.38,4700000
20-Aug-18,121.64,121.91,121.53,121.79,5600000
17-Aug-18,121.09,121.39,120.75,120.98,3540000
16-Aug-18,120.81,120.93,120.28,120.83,5400000
15-Aug-18,120.66,121.13,120.57,120.84,7650000
14-Aug-18,120.54,120.56,120.03,120.14,4250000
13-Aug-18,120.25,120.7,120.21,120.41,7920000
10-Aug-18,120.37,121.05,120.28,120.66,8460000
9-Aug-18,119.23,119.83,119.12,119.79,7140000
8-Aug-18,118.66,119.03,118.61,118.79,5640000
7-Aug-18,119.03,119.1,118.57,118.67,5350000
6-Aug-18,119.54,119.84,119.27,119.29,4200000
3-Aug-18,118.83,119.29,118.81,119.22,6160000
2-Aug-18,118.62,118.74,118.3,118.63,4450000
1-Aug-18,118.28,118.83,118.07,118.46,13310000
31-Jul-18,119.79,119.86,119.56,119.7,6800000
30-Jul-18,118.99,119.41,118.97,119.05,7110000
27-Jul-18,119.85,119.87,119.4,119.46,4540000
26-Jul-18,119.71,119.88,119.16,119.26,6820000
25-Jul-18,120.02,120.26,119.26,119.49,7360000
24-Jul-18,119.28,119.81,119.14,119.68,9050000
23-Jul-18,120.38,120.38,119.18,119.27,11570000
20-Jul-18,121.58,121.59,120.7,120.76,10470000
19-Jul-18,121.8,122.45,121.77,122.26,6170000
18-Jul-18,122.02,122.04,121.39,121.49,6330000
17-Jul-18,122.29,122.39,121.9,121.98,3760000
16-Jul-18,122.21,122.28,121.64,122.21,5520000
13-Jul-18,122.61,122.87,122.47,122.72,4080000
12-Jul-18,122.17,122.47,122.14,122.41,4820000
11-Jul-18,122.45,122.55,122.09,122.42,6870000
10-Jul-18,121.87,122.13,121.81,121.95,5760000
9-Jul-18,122.07,122.21,121.9,121.96,5950000
6-Jul-18,122.75,122.92,122.48,122.75,4680000
5-Jul-18,122.06,122.53,122.01,122.35,3860000
3-Jul-18,121.53,122.03,121.53,122,3810000
2-Jul-18,121.74,121.75,121.29,121.35,9660000
29-Jun-18,122.17,122.5,121.65,121.72,11160000
28-Jun-18,122.13,122.25,121.83,122.14,7110000
27-Jun-18,121.75,122.18,121.55,122.11,8170000
26-Jun-18,120.77,121.03,120.66,120.97,5450000
25-Jun-18,120.66,121.11,120.64,120.8,8360000
22-Jun-18,120.09,120.62,120.06,120.53,4080000
21-Jun-18,120.36,120.75,120.22,120.54,7240000
20-Jun-18,120.77,120.79,119.9,119.91,6880000
19-Jun-18,120.97,121.23,120.7,120.97,6130000
18-Jun-18,120.48,120.56,120.04,120.27,4890000
15-Jun-18,120.83,121.09,120.3,120.38,7990000
14-Jun-18,119.78,120.3,119.48,120.27,10080000
13-Jun-18,119.45,119.64,118.63,119.28,8830000
12-Jun-18,118.93,119.46,118.89,119.34,6050000
11-Jun-18,119.07,119.39,118.94,119.31,6840000
8-Jun-18,119.56,119.85,119.44,119.53,6790000
7-Jun-18,118.69,120.49,118.68,119.89,13240000
6-Jun-18,119.08,119.1,118.42,118.74,7810000
5-Jun-18,119.96,120.16,119.62,119.71,5640000
4-Jun-18,120.11,120.14,119.37,119.43,7160000
1-Jun-18,120.17,120.7,119.85,120.3,8720000
31-May-18,121.56,121.98,120.95,121.22,10770000
30-May-18,121,121.48,120.74,121.42,11620000
29-May-18,120.79,122.52,120.43,122.24,21670000
25-May-18,119.56,119.84,119.47,119.62,8480000
24-May-18,118.69,119.06,118.64,118.88,8200000
23-May-18,117.75,118.11,117.66,117.94,9630000
22-May-18,117.29,117.34,116.85,117.09,4700000
21-May-18,117.13,117.38,116.95,117.27,4450000
18-May-18,116.51,117.29,116.51,117.21,9610000
17-May-18,116.63,116.82,116.09,116.21,7330000
16-May-18,117.42,117.53,116.79,116.8,6520000
15-May-18,117.56,117.58,116.7,117.25,12900000
14-May-18,118.8,118.99,118.59,118.6,5000000
11-May-18,119.32,119.36,118.82,119.23,4270000
10-May-18,118.55,118.98,118.35,118.93,7100000
9-May-18,118.12,118.42,117.98,117.98,7830000
8-May-18,118.55,119,118.3,118.69,6090000
7-May-18,118.97,119.02,118.73,118.8,3650000
4-May-18,119.23,119.23,118.49,118.99,4280000
3-May-18,118.84,119.31,118.68,118.81,6350000
2-May-18,118.64,118.87,118.26,118.28,4640000
1-May-18,118.77,118.84,118.23,118.41,7980000
30-Apr-18,119.08,119.56,118.94,119.1,8320000
27-Apr-18,118.47,118.95,118.44,118.89,5400000
26-Apr-18,117.73,118.13,117.59,117.98,6530000
25-Apr-18,117.41,117.65,116.94,117.16,6600000
24-Apr-18,118.21,118.45,117.76,117.95,8190000
23-Apr-18,118.33,118.62,118.08,118.49,7070000
20-Apr-18,118.89,119.13,118.43,118.46,7580000
19-Apr-18,119.42,119.53,118.81,119.32,9880000
18-Apr-18,121.29,121.34,120.28,120.3,8140000
17-Apr-18,120.92,121.58,120.82,121.27,5590000
16-Apr-18,120.23,120.97,120.18,120.94,4490000
13-Apr-18,120.52,121.13,120.5,120.9,4960000
12-Apr-18,121.04,121.07,120.41,120.62,6620000
11-Apr-18,121.85,121.89,121.27,121.51,5900000
10-Apr-18,121.2,121.38,120.78,121.08,6050000
9-Apr-18,120.64,121.3,120.35,121.3,6310000
6-Apr-18,120.66,121.15,120.22,121.1,8830000
5-Apr-18,120.1,120.27,119.77,119.79,7600000
4-Apr-18,121.35,121.46,120.6,120.69,6650000
3-Apr-18,121.36,121.47,120.83,120.94,9860000
2-Apr-18,121.35,122.36,121.16,121.88,12040000
29-Mar-18,121.54,122.29,121.51,121.9,9690000
28-Mar-18,121.45,121.64,120.94,121.31,7410000
27-Mar-18,119.83,121.12,119.81,120.99,9170000
26-Mar-18,120,120.45,119.67,119.71,8240000
23-Mar-18,119.68,120.31,119.62,120.17,7250000
22-Mar-18,120.31,120.82,119.67,120.26,12140000
21-Mar-18,118.66,119.42,118.11,119.08,9740000
20-Mar-18,118.91,119.22,118.83,118.95,5450000
19-Mar-18,119.21,119.97,119.2,119.43,8490000
16-Mar-18,119.8,120.01,119.55,119.81,6080000
15-Mar-18,120.17,120.49,119.93,120.24,6760000
14-Mar-18,119.4,120.4,119.37,120.24,10180000
13-Mar-18,118.98,119.37,118.5,119.19,7460000
12-Mar-18,118.31,118.66,118.19,118.59,5800000
9-Mar-18,117.99,118.27,117.59,117.91,6570000
8-Mar-18,118.31,118.99,118.26,118.69,7090000
7-Mar-18,118.57,118.68,117.95,118.01,4460000
6-Mar-18,118.36,118.68,118.12,118.14,5450000
5-Mar-18,118.75,118.8,117.63,118.03,5660000
2-Mar-18,118.85,118.93,118.12,118.35,10060000
1-Mar-18,118.43,119.62,118.15,119.32,12290000
28-Feb-18,118.47,118.83,118.25,118.75,9310000
27-Feb-18,118.52,118.66,117.26,118,12530000
26-Feb-18,118.68,118.91,118.04,118.17,8770000
23-Feb-18,117.88,118.31,117.72,118.13,9070000
22-Feb-18,117.24,117.66,117,117.09,9320000
21-Feb-18,118.24,118.29,116.51,116.74,12050000
20-Feb-18,118.28,118.51,117.78,118.19,8270000
16-Feb-18,119.04,119.21,118.34,118.71,8450000
15-Feb-18,118.19,118.8,117.99,118.07,8220000
14-Feb-18,118.46,118.54,117.47,117.67,12040000
13-Feb-18,118.61,119.01,118.39,118.99,8160000
12-Feb-18,118.56,119.3,118.19,118.46,10940000
9-Feb-18,118.11,119.09,117.79,117.94,15660000
8-Feb-18,118.01,119.18,117.85,118.69,15160000
7-Feb-18,120.13,120.33,118.56,118.82,16270000
6-Feb-18,120.42,120.87,119.72,119.96,10940000
5-Feb-18,119.17,121.82,118.64,120.71,28610000
2-Feb-18,120.15,120.26,119.24,119.58,23940000
1-Feb-18,122.48,122.53,120.62,120.7,18630000
31-Jan-18,122.87,122.93,121.94,122.73,18050000
30-Jan-18,122.28,122.37,121.7,122.01,12060000
29-Jan-18,122.97,122.97,122.3,122.73,12220000
26-Jan-18,123.88,123.91,123.1,123.59,6460000
25-Jan-18,123.16,124.15,122.8,124.05,12170000
24-Jan-18,122.85,123.13,122.53,123.04,9040000
23-Jan-18,123.81,124.2,123.24,123.71,12330000
22-Jan-18,123.45,123.71,122.99,123.18,8990000
19-Jan-18,123.4,123.56,122.98,123.06,11370000
18-Jan-18,123.93,124.27,123.53,123.71,10840000
17-Jan-18,125.08,125.64,124.59,124.87,8330000
16-Jan-18,125.17,125.28,124.56,125.04,9130000
12-Jan-18,124.1,124.79,123.91,124.52,9990000
11-Jan-18,123.51,124.59,123.31,124.31,12510000
10-Jan-18,122.81,123.93,122.66,123.8,14300000
9-Jan-18,124.81,124.83,123.81,123.95,16230000
8-Jan-18,125.99,126.03,125.17,125.63,8850000
5-Jan-18,125.87,126.18,125.36,125.71,10920000
4-Jan-18,125.65,126.16,125.37,126.07,9220000
3-Jan-18,126,126.2,125.49,126.09,8610000
2-Jan-18,126.49,126.51,125.07,125.49,16240000
29-Dec-17,126.5,127.12,126.47,126.86,7580000
28-Dec-17,126.53,126.83,126.37,126.66,5300000
27-Dec-17,125.71,126.98,125.7,126.77,9060000
26-Dec-17,124.98,125.53,124.97,125.14,3170000
22-Dec-17,124.7,124.84,124.53,124.77,3970000
21-Dec-17,124.03,124.86,124,124.6,7030000
20-Dec-17,124.31,124.71,123.95,124.14,10010000
19-Dec-17,126.32,126.38,125.07,125.53,11050000
18-Dec-17,127.97,128,126.91,127.18,7240000
15-Dec-17,127.81,128.59,127.56,128.35,7240000
14-Dec-17,127.05,127.98,126.79,127.87,6880000
13-Dec-17,126.81,127.39,126.59,127.33,8530000
12-Dec-17,126.17,126.41,125.67,126.38,7500000
11-Dec-17,126.86,127.08,126.41,126.43,3860000
8-Dec-17,126.59,126.74,126.23,126.69,4790000
7-Dec-17,127.93,128.1,126.3,126.68,13060000
6-Dec-17,127.87,128.23,127.66,127.68,11830000
5-Dec-17,126.47,127.5,126.45,127.24,10960000
4-Dec-17,125.92,126.67,125.81,126.61,9610000
1-Dec-17,125.87,127.69,125.1,126.55,24580000
30-Nov-17,125.31,125.52,124.44,125.12,9630000
29-Nov-17,125.56,125.68,125.1,125.54,14550000
28-Nov-17,126.77,127.18,126.47,126.79,5980000
27-Nov-17,126.86,127.05,126.42,126.62,6080000
24-Nov-17,126.93,127.03,126.69,126.8,3140000
22-Nov-17,126.62,127.2,126.51,127.15,4140000
21-Nov-17,127.09,127.29,126.31,126.74,5820000
20-Nov-17,125.91,126.38,125.91,126.34,4230000
17-Nov-17,126.07,126.44,125.96,126.39,6940000
16-Nov-17,126.01,126.33,125.44,125.46,5890000
15-Nov-17,126.06,126.67,125.64,126.56,9570000
14-Nov-17,124.77,125.24,124.77,125.2,6200000
13-Nov-17,124.8,124.81,124.31,124.36,5880000
10-Nov-17,124.71,124.84,123.96,124.1,11980000
9-Nov-17,125.87,126.24,125.55,126,6280000
8-Nov-17,126.59,126.8,126.21,126.36,3360000
7-Nov-17,126.23,126.78,126.13,126.64,6420000
6-Nov-17,125.93,126.22,125.72,126.11,6250000
3-Nov-17,125.47,125.7,125.14,125.64,10980000
2-Nov-17,125,125.52,124.92,125.3,7220000
1-Nov-17,124.35,125.14,124.3,124.75,8940000
31-Oct-17,124.53,124.66,124.4,124.46,4420000
30-Oct-17,123.86,124.46,123.56,124.42,9050000
27-Oct-17,122.94,123.33,122.75,123.24,10480000
26-Oct-17,123.06,123.06,122.43,122.43,8180000
25-Oct-17,122.53,122.98,122.42,122.84,9960000
24-Oct-17,123.37,123.69,123.15,123.43,6840000
23-Oct-17,124.16,124.49,124.02,124.2,6870000
20-Oct-17,124,124.28,123.64,123.98,12330000
19-Oct-17,125.74,126.01,125.27,125.31,8970000
18-Oct-17,125.05,125.18,124.68,125.09,5940000
17-Oct-17,125.39,126.09,125.39,125.92,4970000
16-Oct-17,125.53,125.9,125.38,125.76,5740000
13-Oct-17,125.58,125.94,125.17,125.85,7750000
12-Oct-17,124.55,124.98,124.24,124.95,7140000
11-Oct-17,124.57,124.66,124.26,124.42,4390000
10-Oct-17,124.14,124.87,124.02,124.18,6670000
9-Oct-17,123.78,124.06,123.64,123.98,3590000
6-Oct-17,123.29,124.1,123.03,123.59,10380000
5-Oct-17,124.27,124.3,123.69,123.94,8180000
4-Oct-17,124.53,124.59,123.88,124.41,7450000
3-Oct-17,123.92,124.51,123.92,124.4,6220000
2-Oct-17,124.81,125,124.24,124.28,7860000
29-Sep-17,124.76,125.03,124.27,124.76,11290000
28-Sep-17,124.21,124.65,123.97,124.48,8880000
27-Sep-17,124.87,125.3,124.61,124.85,12150000
26-Sep-17,126.77,126.89,126.43,126.76,7250000
25-Sep-17,126.32,127.27,126.2,126.99,9680000
22-Sep-17,126.5,126.73,126.06,126.2,5660000
21-Sep-17,126.16,126.56,125.82,125.84,6150000
20-Sep-17,125.97,126.05,125.33,125.91,8040000
19-Sep-17,126.28,126.31,125.73,125.82,5550000
18-Sep-17,126.5,126.57,125.84,126.13,6860000
15-Sep-17,127,127.01,126.54,126.86,9770000
14-Sep-17,126.37,126.83,126.33,126.81,6670000
13-Sep-17,126.91,126.92,126.28,126.29,6740000
12-Sep-17,127.05,127.09,126.53,126.79,7560000
11-Sep-17,127.87,128.05,127.26,127.46,17860000
8-Sep-17,129.11,129.16,128.57,129,9810000
7-Sep-17,128.33,129.56,128.33,129.28,13620000
6-Sep-17,128.72,129,127.74,127.97,9070000
5-Sep-17,127.69,128.8,127.69,128.76,15220000
1-Sep-17,127.31,127.34,126.43,126.75,14130000
31-Aug-17,127.64,128.03,127.57,127.99,7980000
30-Aug-17,127.46,127.74,127.34,127.61,4740000
29-Aug-17,128.46,128.52,127.31,127.65,7660000
28-Aug-17,126.92,127.39,126.73,127.24,4450000
25-Aug-17,127.02,127.45,126.87,127.32,7300000
24-Aug-17,126.88,127.31,126.72,126.83,5570000
23-Aug-17,127.04,127.31,126.76,127.3,7450000
22-Aug-17,126.79,126.81,126.27,126.44,6140000
21-Aug-17,126.77,127.02,126.5,126.93,7670000
18-Aug-17,126.98,127.15,126.26,126.62,8380000
17-Aug-17,125.7,126.67,125.51,126.65,9360000
16-Aug-17,124.83,126.02,124.81,125.71,5280000
15-Aug-17,124.73,125.53,124.71,125.25,7470000
14-Aug-17,125.99,126.28,125.73,125.78,5110000
11-Aug-17,125.77,126.46,125.55,126.43,5720000
10-Aug-17,125.62,126.44,125.52,126.37,10380000
9-Aug-17,125.92,125.95,125.2,125.3,9220000
8-Aug-17,124.87,124.98,124.15,124.62,6200000
7-Aug-17,124.84,125.1,124.61,125.07,4680000
4-Aug-17,125.15,125.18,124.44,124.93,8490000
3-Aug-17,125.29,126.02,125.26,126,10320000
2-Aug-17,124.77,125.17,124.68,124.71,5750000
1-Aug-17,123.18,124.71,123.16,124.64,9680000
31-Jul-17,123.46,124.05,123.4,124.04,5460000
28-Jul-17,123.27,123.99,123.26,123.89,5490000
27-Jul-17,123.11,123.38,122.82,123.16,6390000
26-Jul-17,123.27,124.09,123.08,123.77,8460000
25-Jul-17,124.14,124.19,123.47,123.57,9740000
24-Jul-17,125.45,125.66,125.16,125.2,5380000
21-Jul-17,125.73,126.03,125.57,125.69,6200000
20-Jul-17,125.49,125.73,124.97,125.16,12240000
19-Jul-17,124.78,125.01,124.59,124.8,5140000
18-Jul-17,124.43,124.77,124.23,124.75,9160000
17-Jul-17,123.33,123.99,123.27,123.67,4740000
14-Jul-17,124.1,124.16,123.12,123.33,6570000
13-Jul-17,123.6,123.65,122.81,123.18,7450000
12-Jul-17,123.89,124.04,123.49,123.96,7840000
11-Jul-17,122.86,123.33,122.71,123.11,4430000
10-Jul-17,122.87,123.1,122.68,122.9,3860000
7-Jul-17,122.84,123.03,122.58,122.72,9400000
6-Jul-17,123.52,123.64,122.93,123.46,10850000
5-Jul-17,124.2,124.65,124.11,124.49,11390000
3-Jul-17,125,125.04,124.02,124.46,11020000
30-Jun-17,125.19,125.39,124.85,125.12,10190000
29-Jun-17,125.01,125.72,124.9,125.41,9120000
28-Jun-17,126.67,126.71,125.98,126.47,7360000
27-Jun-17,127.43,127.49,126.62,126.89,8350000
26-Jun-17,128.27,128.57,128.16,128.26,5540000
23-Jun-17,127.47,127.9,127.4,127.78,4330000
22-Jun-17,127.71,127.87,127.31,127.84,6610000
21-Jun-17,127.11,127.64,126.9,127.56,5910000
20-Jun-17,126.79,127.4,126.79,127.3,8410000
19-Jun-17,126.32,126.47,126.03,126.17,5640000
16-Jun-17,126.08,126.44,126.01,126.35,6670000
15-Jun-17,126.09,126.33,125.83,126.1,5860000
14-Jun-17,125.92,126.71,125.73,126.3,20210000
13-Jun-17,124.01,124.52,123.99,124.38,4740000
12-Jun-17,124.21,124.99,124.14,124.36,4340000
9-Jun-17,124.08,124.64,123.98,124.4,5130000
8-Jun-17,124.88,124.88,124.3,124.59,8760000
7-Jun-17,125.24,125.52,124.79,124.92,12850000
6-Jun-17,125.69,125.87,125.4,125.52,12840000
5-Jun-17,124.9,125.16,124.78,124.84,6780000
2-Jun-17,125.22,125.77,125.05,125.62,13250000
1-Jun-17,123.7,124.19,123.66,124.15,9040000
31-May-17,124.05,124.64,124.03,124.4,8000000
30-May-17,124.03,124.14,123.74,124.09,4820000
26-May-17,123.55,123.74,123.25,123.48,2960000
25-May-17,123.02,123.28,122.76,123.27,6460000
24-May-17,122.8,123.26,122.54,123.23,7470000
23-May-17,123.51,123.62,122.48,122.54,7900000
22-May-17,123.41,123.56,123.26,123.37,4060000
19-May-17,123.36,123.78,123.01,123.71,11280000
18-May-17,123.75,123.94,123.19,123.42,8350000
17-May-17,122.63,123.54,122.39,123.28,11240000
16-May-17,121.11,121.89,121.11,121.51,6720000
15-May-17,121.06,121.21,120.75,121.06,5170000
12-May-17,121.01,121.49,120.98,121.39,7460000
11-May-17,120,120.57,119.91,120.48,7480000
10-May-17,120.91,121.06,120.16,120.48,6520000
9-May-17,120.38,120.63,120.14,120.62,5540000
8-May-17,121.11,121.14,120.53,120.63,8060000
5-May-17,121.38,121.47,120.89,121.29,5610000
4-May-17,121.01,121.22,120.67,121.18,9710000
3-May-17,122.22,122.39,121.55,121.78,8930000
2-May-17,120.97,121.78,120.94,121.7,6730000
1-May-17,121.69,122.14,120.71,121.08,8800000
28-Apr-17,121.6,122.44,121.55,122.35,8170000
27-Apr-17,121.75,122.35,121.58,122.08,4980000
26-Apr-17,121.52,122.14,121.43,122.12,5770000
25-Apr-17,122.21,122.46,121.38,121.45,8120000
24-Apr-17,122.55,123.16,122.46,122.93,8070000
21-Apr-17,123.82,124.24,123.49,123.54,9800000
20-Apr-17,123.73,123.92,123.14,123.54,7930000
19-Apr-17,124.1,124.17,123.7,124.02,7340000
18-Apr-17,123.86,124.98,123.55,124.7,11530000
17-Apr-17,123.46,123.55,122.86,123.09,8020000
13-Apr-17,123.45,123.74,122.91,123.47,8400000
12-Apr-17,122.51,123.19,122.29,123.09,11530000
11-Apr-17,121.8,122.65,121.72,122.42,11300000
10-Apr-17,121.14,121.62,121,121.27,5310000
7-Apr-17,121.84,122.25,120.69,120.71,10270000
6-Apr-17,121.24,121.41,120.52,121.2,6500000
5-Apr-17,120.56,121.52,120.36,121.38,8560000
4-Apr-17,121.37,121.59,120.95,121.01,6980000
3-Apr-17,120.45,121.87,120.4,121.67,13000000
31-Mar-17,120.28,120.81,120.21,120.71,5140000
30-Mar-17,121.07,121.09,120.32,120.36,7040000
29-Mar-17,120.94,121.38,120.88,121.34,6290000
28-Mar-17,121.79,121.82,120.49,120.62,6810000
27-Mar-17,121.83,121.97,121.19,121.43,6880000
24-Mar-17,120.53,121.1,120.4,120.88,5820000
23-Mar-17,120.83,121.02,120.06,120.45,6750000
22-Mar-17,120.72,121.17,120.43,120.62,11660000
21-Mar-17,119.05,120.3,119.02,120.14,12540000
20-Mar-17,118.55,119.23,118.5,119.15,5500000
17-Mar-17,118.11,118.75,118.03,118.64,7270000
16-Mar-17,117.99,118.15,117.63,117.9,8020000
15-Mar-17,117.56,118.83,117.43,118.5,14600000
14-Mar-17,116.77,117.35,116.71,117.07,9870000
13-Mar-17,116.83,117.09,116.49,116.51,6990000
10-Mar-17,117.14,117.32,116.68,117.25,9220000
9-Mar-17,117.34,117.48,116.77,116.84,10580000
8-Mar-17,117.31,117.95,117.23,117.78,11340000
7-Mar-17,118.48,118.68,118.25,118.42,7080000
6-Mar-17,119.12,119.12,118.52,118.78,4490000
3-Mar-17,119.23,119.35,118.55,119.35,9520000
2-Mar-17,119.01,119.21,118.61,119.04,8200000
1-Mar-17,119.44,119.55,118.95,119.47,10720000
28-Feb-17,121.5,122.08,121.32,121.74,8410000
27-Feb-17,121.81,121.9,121.22,121.29,11040000
24-Feb-17,121.35,122.14,121.26,122.01,11340000
23-Feb-17,120.57,120.74,120.33,120.67,5330000
22-Feb-17,120.8,120.82,119.59,120.31,8100000
21-Feb-17,119.68,120.61,119.6,120.11,8700000
17-Feb-17,120.61,120.7,120.13,120.32,7890000
16-Feb-17,119.22,120.21,119.12,119.61,10010000
15-Feb-17,118.76,119.22,118.65,118.96,8480000
14-Feb-17,120.24,120.3,118.83,119.51,13210000
13-Feb-17,120.25,120.41,119.88,120.38,11540000
10-Feb-17,120.11,120.95,120.11,120.76,7980000
9-Feb-17,121.41,121.59,120.66,120.83,16890000
8-Feb-17,121.42,122.27,121.41,122.24,15730000
7-Feb-17,119.78,121.01,119.47,120.6,8420000
6-Feb-17,119.76,120.13,119.12,119.72,8430000
3-Feb-17,119.44,119.87,118.47,119,10280000
2-Feb-17,119.93,120.14,119,119.05,6980000
1-Feb-17,119.1,119.53,118.58,119.1,10980000
31-Jan-17,119.33,120.4,119.25,120.1,13300000
30-Jan-17,119.44,119.88,119.2,119.27,6570000
27-Jan-17,119.4,119.83,119.25,119.63,7200000
26-Jan-17,118.91,119.25,118.32,119.2,7830000
25-Jan-17,119.28,119.6,118.56,118.8,11120000
24-Jan-17,120.77,121.13,119.8,120.31,8390000
23-Jan-17,120.34,121.87,120.02,121.14,13120000
20-Jan-17,119.84,120.31,119.29,119.94,16950000
19-Jan-17,120.49,120.58,119.55,120.18,11800000
18-Jan-17,121.77,121.96,120.91,121.01,9060000
17-Jan-17,122.81,122.94,121.99,122.58,7850000
13-Jan-17,121.33,121.75,120.62,121.31,9820000
12-Jan-17,122.8,123.14,121.83,121.89,9980000
11-Jan-17,121.94,122.69,121.41,122.16,9400000
10-Jan-17,121.55,121.91,121.28,121.75,8420000
9-Jan-17,121.88,122,121.46,121.83,8840000
6-Jan-17,121.13,121.54,120.75,120.86,8370000
5-Jan-17,120.45,122.03,120.17,121.98,13270000
4-Jan-17,119.76,120.24,119.45,120.1,6700000
3-Jan-17,118.41,119.99,118.18,119.64,13220000
30-Dec-16,118.78,119.65,118.72,119.13,10610000
29-Dec-16,118.8,119.28,118.66,118.95,8580000
28-Dec-16,117.86,118.88,117.7,118.53,7580000
27-Dec-16,117.42,117.7,117.23,117.67,5280000
23-Dec-16,118.24,118.39,117.95,118.05,4460000
22-Dec-16,117.53,118,117.5,117.81,5180000
21-Dec-16,117.92,118.4,117.73,118.33,4620000
20-Dec-16,117.63,117.9,117.38,117.81,7030000
19-Dec-16,117.98,118.58,117.74,118.4,10870000
16-Dec-16,117.61,117.92,116.8,117.14,14920000
15-Dec-16,117.56,118.29,117.03,117.41,12400000
14-Dec-16,119.08,119.21,116.8,116.82,16620000
13-Dec-16,118.4,118.49,117.44,118.14,12190000
12-Dec-16,117.27,117.8,116.88,117.72,9500000
9-Dec-16,118.64,118.86,117.28,117.5,14650000
8-Dec-16,119.15,119.31,118.78,118.98,12040000
7-Dec-16,119.82,120.62,119.82,120.4,10390000
6-Dec-16,119.7,119.94,119.12,119.38,11530000
5-Dec-16,118.93,120.4,118.45,119.47,12100000
2-Dec-16,119.17,120.21,119.14,119.6,12490000
1-Dec-16,118.51,118.99,117.64,118.73,21720000
30-Nov-16,119.97,121.01,119.48,120.24,21160000
29-Nov-16,121.44,122.4,121.21,122.22,8360000
28-Nov-16,121.41,121.73,121.09,121.71,8550000
25-Nov-16,121.19,121.29,120.4,120.82,3130000
23-Nov-16,119.99,120.91,119.25,120.64,13560000
22-Nov-16,121.66,121.76,120.88,121.11,9990000
21-Nov-16,121.21,121.47,120.89,121.15,6490000
18-Nov-16,121.63,121.97,120.34,120.85,13580000
17-Nov-16,121.95,122.11,120.99,121.2,11220000
16-Nov-16,122.3,123.14,122.17,123.01,9150000
15-Nov-16,122.22,122.81,121.78,121.91,11960000
14-Nov-16,121.28,122.66,120.73,121.31,21170000
11-Nov-16,122.96,123.05,121.65,122.04,10040000
10-Nov-16,123.97,124.96,122.72,122.73,22960000
9-Nov-16,127.22,127.37,124.22,124.57,31230000
8-Nov-16,131.02,131.21,129.71,130.09,7580000
7-Nov-16,130.75,131,130.44,130.62,5390000
4-Nov-16,131.27,131.79,131.13,131.74,7620000
3-Nov-16,130.75,131.05,130.44,130.57,6090000
2-Nov-16,131.3,132.11,131.03,131.58,8670000
1-Nov-16,130.16,131.6,129.88,131.01,12620000
31-Oct-16,130.89,131.29,130.71,131.25,7050000
28-Oct-16,130.39,130.93,130.33,130.45,7540000
27-Oct-16,131.07,131.07,130.07,130.74,10040000
26-Oct-16,132.46,132.8,131.99,132.18,5840000
25-Oct-16,132.53,133.55,132.49,133.08,5130000
24-Oct-16,133.41,133.45,132.29,132.73,6510000
21-Oct-16,133.52,133.72,132.87,133.31,9220000
20-Oct-16,133.64,133.75,132.9,133.11,6080000
19-Oct-16,132.37,133.27,132.32,132.97,6940000
18-Oct-16,131.86,132.89,131.83,132.86,7150000
17-Oct-16,132.1,132.74,132.09,132.43,10600000
14-Oct-16,132.27,132.95,131.53,131.59,11420000
13-Oct-16,133.64,133.93,133.37,133.46,7080000
12-Oct-16,132.67,133.02,132.24,132.96,7580000
11-Oct-16,132.86,133.55,132.57,132.83,9670000
10-Oct-16,132.85,133.16,132.51,133.13,6090000
7-Oct-16,133.93,134.29,133.09,133.92,9950000
6-Oct-16,133.97,134.69,133.68,133.83,7840000
5-Oct-16,135.02,135.08,134.12,134.58,8920000
4-Oct-16,136.62,136.84,135.16,135.21,12050000
3-Oct-16,137.68,137.77,136.76,136.81,7590000
30-Sep-16,138.55,138.64,136.87,137.51,11750000
29-Sep-16,137.56,139.07,137.45,138.75,8320000
28-Sep-16,138.5,139.15,138.22,138.4,7960000
27-Sep-16,138.59,138.8,137.95,138.7,9450000
26-Sep-16,137.07,137.83,137.02,137.69,8660000
23-Sep-16,137.03,137.34,136.71,136.82,5930000
22-Sep-16,136.67,137.29,136.5,136.95,12430000
21-Sep-16,134.6,135.89,134.18,135.87,10700000
20-Sep-16,135.15,135.58,134.67,134.78,6050000
19-Sep-16,134.52,134.87,134.25,134.31,7110000
16-Sep-16,134.58,134.81,134.22,134.75,7510000
15-Sep-16,133.61,134.05,133.03,133.67,10230000
14-Sep-16,134.05,134.91,134.05,134.25,7040000
13-Sep-16,135.87,136,133.36,134.05,15650000
12-Sep-16,135.32,135.83,135.16,135.59,9100000
9-Sep-16,136.07,136.12,135.41,135.52,13350000
8-Sep-16,138.86,139.27,137.26,137.79,14300000
7-Sep-16,140.37,140.42,139.54,139.54,5420000
6-Sep-16,138.71,140.08,138.51,139.64,8540000
2-Sep-16,138.96,139.05,138.17,138.63,8400000
1-Sep-16,138.62,140.1,138.57,139.77,9150000
31-Aug-16,139.66,140.17,139.34,139.87,7350000
30-Aug-16,140.17,140.26,139.67,139.67,5160000
29-Aug-16,139.38,140.35,139.21,140.21,7310000
26-Aug-16,139.73,140.69,138.22,138.36,12960000
25-Aug-16,139.26,139.78,138.96,139.17,5860000
24-Aug-16,140.1,140.19,139.39,139.7,6030000
23-Aug-16,140.27,140.59,139.67,140.03,6840000
22-Aug-16,139.65,140.14,139.37,139.88,5550000
19-Aug-16,138.64,139.05,138.1,138.71,5520000
18-Aug-16,139.2,139.76,138.79,139.44,3810000
17-Aug-16,138.63,139.44,138.5,139.22,5000000
16-Aug-16,138.98,139.15,138.23,138.39,6180000
15-Aug-16,139.34,139.63,138.75,138.76,5110000
12-Aug-16,140.41,140.86,139.87,140.08,7990000
11-Aug-16,140.06,140.08,138.54,138.91,7620000
10-Aug-16,139.9,140.51,139.47,140.16,5840000
9-Aug-16,138.71,139.72,138.62,139.62,5500000
8-Aug-16,137.6,138.54,137.32,138.26,5190000
5-Aug-16,139.05,139.18,137.82,138,7780000
4-Aug-16,139.46,140.16,139.27,139.45,5650000
3-Aug-16,138.6,138.78,137.91,138.41,4930000
2-Aug-16,137.83,139.26,137.5,138.33,10050000
1-Aug-16,139.78,140.5,139.61,139.77,9810000
29-Jul-16,140.45,141.68,140.22,141.56,8770000
28-Jul-16,139.8,140.84,139.71,140.39,7340000
27-Jul-16,139.55,140.65,139.4,140.65,8510000
26-Jul-16,139.52,139.52,138.46,138.92,5240000
25-Jul-16,138.94,139.26,138.59,138.7,4240000
22-Jul-16,137.93,139.24,137.87,138.8,5810000
21-Jul-16,137.04,138.62,136.99,138.56,10400000
20-Jul-16,138.23,138.51,137.91,138.28,6940000
19-Jul-16,138.94,139.31,138.4,139.04,8070000
18-Jul-16,139.07,139.26,137.73,138.26,5960000
15-Jul-16,138.89,139.11,138.18,138.39,9960000
14-Jul-16,139.28,139.84,139.09,139.59,10820000
13-Jul-16,141.37,141.77,140.95,141.65,8180000
12-Jul-16,140.42,140.86,139.64,140,15810000
11-Jul-16,143.05,143.46,142.24,142.34,8100000
8-Jul-16,142.92,143.62,142.36,143.6,10360000
7-Jul-16,142.09,143.19,141.78,142.55,9680000
6-Jul-16,142.79,143,141.96,142.56,14350000
5-Jul-16,141.85,142.91,141.7,142.33,8840000
1-Jul-16,140.81,140.82,139.19,140.57,15430000
30-Jun-16,138.81,139.94,138.09,138.9,14700000
29-Jun-16,139.68,140.13,138.26,138.39,13000000
28-Jun-16,139.44,139.9,138.88,139.46,14010000
27-Jun-16,138.44,139.59,138.4,139.17,17570000
24-Jun-16,136.61,136.61,135.3,135.78,17160000
23-Jun-16,132.61,133.32,132.08,132.23,9030000
22-Jun-16,133.5,133.99,133.25,133.76,5770000
21-Jun-16,134.29,134.58,133.46,133.54,6010000
20-Jun-16,134.24,134.55,134.01,134.16,7370000
17-Jun-16,136.2,136.27,135.26,135.61,8490000
16-Jun-16,136.74,137.56,136.18,136.46,10370000
15-Jun-16,135.52,136.23,135.31,135.8,7950000
14-Jun-16,136.19,136.22,135.22,135.28,9010000
13-Jun-16,135.09,135.39,134.77,135.38,7690000
10-Jun-16,134.79,135.33,134.26,134.78,6980000
9-Jun-16,134.32,134.54,133.93,134.13,6820000
8-Jun-16,132.87,133.43,132.71,133.27,5310000
7-Jun-16,132.64,132.98,132.54,132.56,4680000
6-Jun-16,132.78,132.89,132.1,132.24,7570000
3-Jun-16,132.86,133.23,132.6,133.23,11080000
2-Jun-16,130.9,131.69,130.87,131.36,5840000
1-Jun-16,130.63,131.27,130.11,130.42,9870000
31-May-16,129.02,130.44,128.98,130.16,8340000
27-May-16,130.07,130.26,129.7,129.85,5270000
26-May-16,129.81,130.45,129.8,130.04,5420000
25-May-16,129.83,130.24,129.31,129.37,6370000
24-May-16,129.97,130.19,129.24,129.86,5970000
23-May-16,130.36,130.73,129.92,130.44,6980000
20-May-16,129.65,130.4,129.55,130.15,5350000
19-May-16,129.68,130.33,129.65,130.05,6210000
18-May-16,130.81,130.85,128.91,129.49,12680000
17-May-16,131.21,131.83,131.21,131.36,4450000
16-May-16,131.64,131.66,130.98,131.14,5140000
13-May-16,131.48,132.32,131.23,132.28,8710000
12-May-16,130.66,131.17,130.59,131.01,6090000
11-May-16,130.83,132,130.66,131.61,9260000
10-May-16,130.85,131.12,130.65,130.87,4330000
9-May-16,130.46,130.89,130.32,130.86,4950000
6-May-16,130.85,130.86,130.29,130.45,7230000
5-May-16,130.06,131.07,129.7,131.01,7870000
4-May-16,129.68,130.17,129.19,130.14,7210000
3-May-16,129.55,130.02,129.35,129.43,10740000
2-May-16,128.66,128.9,127.8,127.82,11040000
29-Apr-16,128.45,129.71,128.2,129.38,7420000
28-Apr-16,128.21,129.14,128.04,129.05,7970000
27-Apr-16,127.92,128.82,127.62,128.52,8380000
26-Apr-16,127.76,127.76,127.12,127.25,7840000
25-Apr-16,128.06,128.52,127.83,127.83,5540000
22-Apr-16,128.85,128.91,128.24,128.36,5830000
21-Apr-16,128.44,129.07,128.29,128.69,11150000
20-Apr-16,131.16,131.65,129.27,129.46,10920000
19-Apr-16,131.08,131.3,130.29,130.9,5210000
18-Apr-16,131.33,131.44,130.66,131.31,4490000
15-Apr-16,131.29,132.16,131.25,131.88,5830000
14-Apr-16,130.91,131.31,130.49,130.76,6970000
13-Apr-16,130.69,131.58,130.52,131.39,5210000
12-Apr-16,131.08,131.55,130.52,130.93,4280000
11-Apr-16,131.32,132.18,131.11,131.84,4810000
8-Apr-16,132.17,132.4,131.63,132.01,5590000
7-Apr-16,132.19,132.99,132.01,132.85,5960000
6-Apr-16,131.53,131.67,130.74,131.23,6390000
5-Apr-16,132.01,132.36,131.78,132.19,6480000
4-Apr-16,130.79,130.97,130.27,130.76,5150000
1-Apr-16,130.98,131.13,129.9,130.68,9340000
31-Mar-16,129.98,130.8,129.79,130.61,7830000
30-Mar-16,130.03,130.07,128.98,129.69,8480000
29-Mar-16,130.38,131.09,130.02,131.07,9400000
28-Mar-16,129.38,130.16,129.28,129.71,5060000
24-Mar-16,130.58,130.64,129,129.54,6340000
23-Mar-16,128.41,129.82,128.29,129.49,10630000
22-Mar-16,128.83,129.02,127.92,128.04,5000000
21-Mar-16,128.25,128.62,127.75,128.07,5510000
18-Mar-16,129.04,129.51,128.7,129.06,8200000
17-Mar-16,128.51,129.34,128.49,128.79,7810000
16-Mar-16,127.75,128.52,127.37,128.26,9730000
15-Mar-16,128.5,128.66,127.61,127.88,6410000
14-Mar-16,127.82,128.39,127.66,127.76,5180000
11-Mar-16,128.82,128.88,127.21,127.36,8930000
10-Mar-16,129.5,129.84,127.92,128.66,10090000
9-Mar-16,129.08,129.69,128.81,129.19,7190000
8-Mar-16,130.35,130.99,129.95,129.98,7180000
7-Mar-16,128.45,128.67,128.05,128.56,5490000
4-Mar-16,128.75,129.13,127.76,128.6,8690000
3-Mar-16,129.07,129.94,128.77,129.43,6400000
2-Mar-16,128.32,128.97,128.21,128.96,7050000
1-Mar-16,130.82,130.85,128.32,128.43,13730000
29-Feb-16,130.47,131.17,130.42,130.98,8020000
26-Feb-16,130.31,130.81,130.04,130.41,9240000
25-Feb-16,131.48,132.55,131.32,131.68,6100000
24-Feb-16,132.4,133.39,130.95,131.21,9090000
23-Feb-16,129.88,131.74,129.78,131.47,8320000
22-Feb-16,131.1,131.11,130.7,130.94,5050000
19-Feb-16,130.94,131.82,130.73,131.01,8190000
18-Feb-16,129.41,131,129.36,130.9,10200000
17-Feb-16,129.64,129.83,128.71,129.31,13160000
16-Feb-16,130.72,130.75,129.8,130.11,11770000
12-Feb-16,132.64,133.13,130.93,131.5,13890000
11-Feb-16,134.44,135.25,133.01,133.72,21620000
10-Feb-16,131.7,132.84,131.11,132.79,12800000
9-Feb-16,132.04,132.06,130.96,131.63,15230000
8-Feb-16,129.72,131.63,129.68,131.49,14450000
5-Feb-16,127.89,129,127.59,128.72,9200000
4-Feb-16,128.22,128.59,127.51,128.57,9950000
3-Feb-16,128.28,129.94,127.92,127.95,13310000
2-Feb-16,128.1,129.04,128,129.02,10400000
1-Feb-16,126.79,127.07,126.29,126.67,9950000
29-Jan-16,127.41,127.86,126.92,127.3,13170000
28-Jan-16,125.54,126.41,125.46,126.23,10580000
27-Jan-16,125.75,126.29,125.19,126.05,7960000
26-Jan-16,125.99,126.46,125.75,126.08,5690000
25-Jan-16,125.95,126.27,125.65,126.02,5740000
22-Jan-16,124.91,125.53,124.52,125.34,10160000
21-Jan-16,126.94,127.29,125.67,125.82,11000000
20-Jan-16,126.98,127.92,126.42,126.68,17280000
19-Jan-16,125.13,126.07,124.95,125.36,8930000
15-Jan-16,125.4,125.96,125.08,125.75,13980000
14-Jan-16,124.47,124.96,123.34,123.82,12870000
13-Jan-16,123.53,125.5,123.27,124.99,15580000
12-Jan-16,122.34,124.32,122.15,123.77,12900000
11-Jan-16,122.04,122.79,121.86,122.01,10040000
8-Jan-16,122.43,123.46,122.23,123.36,9580000
7-Jan-16,122.68,122.93,121.79,122.81,10200000
6-Jan-16,122.3,122.62,122.05,122.59,8920000
5-Jan-16,120.88,121.5,120.66,120.96,6240000
4-Jan-16,121.93,122.45,121.32,121.45,10590000
31-Dec-15,120.57,120.86,120.25,120.58,7900000
30-Dec-15,119.92,120.54,119.67,120.04,5510000
29-Dec-15,121.69,121.74,120.01,120.16,7790000
28-Dec-15,121.99,122.67,121.85,122.19,7590000
24-Dec-15,121.47,121.87,121.4,121.83,3360000
23-Dec-15,121.23,121.61,120.87,121.39,7290000
22-Dec-15,122.65,122.8,121.99,122.31,5450000
21-Dec-15,123.43,123.78,122.92,123.2,7490000
18-Dec-15,123.08,123.52,122.82,123.23,10170000
17-Dec-15,121.78,122.78,121.64,122.55,9920000
16-Dec-15,121.07,122.17,120.5,121.18,10990000
15-Dec-15,121.02,121.6,120.83,121.44,8800000
14-Dec-15,123.08,123.15,121.75,122.16,10660000
11-Dec-15,123.03,124.1,122.87,123.76,12300000
10-Dec-15,121.79,122.03,121.49,121.84,5610000
9-Dec-15,121.35,122.14,120.51,121.68,8990000
8-Dec-15,122.28,122.43,121.45,121.81,7260000
7-Dec-15,120.81,122.46,120.8,121.75,9020000
4-Dec-15,119.53,120.93,119.47,120.58,11840000
3-Dec-15,121.36,121.4,118.99,119.53,16610000
2-Dec-15,122.66,123.04,122.19,122.87,7350000
1-Dec-15,121.26,122.85,121.26,122.83,12770000
30-Nov-15,121.1,121.53,121.06,121.45,5180000
27-Nov-15,121.25,121.32,120.96,120.97,2570000
25-Nov-15,121.17,121.42,120.94,121.09,3280000
24-Nov-15,120.9,121.2,120.58,120.81,3370000
23-Nov-15,120.53,121.12,120.32,120.82,5440000
20-Nov-15,120.93,121.04,120.28,120.45,5970000
19-Nov-15,120.88,121.15,120.68,120.82,6640000
18-Nov-15,119.58,120.19,119.36,120.02,5230000
17-Nov-15,119,120.13,118.66,119.77,5120000
16-Nov-15,119.79,120,119.13,119.57,5490000
13-Nov-15,119.32,119.9,119.22,119.68,7910000
12-Nov-15,118.75,119.44,118.7,119,6810000
11-Nov-15,118.35,118.58,118.27,118.43,2860000
10-Nov-15,118.5,119.21,118.38,118.68,6710000
9-Nov-15,118.1,118.9,118,118.33,9160000
6-Nov-15,119.49,119.53,118.74,119,10600000
5-Nov-15,121.05,121.06,120.3,120.77,7270000
4-Nov-15,121.1,121.54,120.7,121.09,5980000
3-Nov-15,121.65,121.74,120.79,120.95,8920000
2-Nov-15,121.78,122.18,121.68,121.95,8750000
30-Oct-15,122.24,122.81,122.02,122.78,11860000
29-Oct-15,123.18,123.22,121.7,121.86,12110000
28-Oct-15,124.27,124.34,123.3,123.83,8470000
27-Oct-15,124.51,124.9,124.16,124.33,7160000
26-Oct-15,123.87,124.2,123.81,124.02,5860000
23-Oct-15,123.1,123.46,122.85,123.2,7060000
22-Oct-15,124.1,124.78,123.51,124.26,6930000
21-Oct-15,123.61,124.22,123.47,124.05,6600000
20-Oct-15,122.8,122.97,122.55,122.83,6430000
19-Oct-15,123.79,123.97,122.91,123.59,6240000
16-Oct-15,124.25,124.47,123.87,123.93,8050000
15-Oct-15,124.31,124.46,123.78,123.89,6920000
14-Oct-15,123.7,124.54,123.3,124.5,9740000
13-Oct-15,123.53,123.6,122.8,123.42,6150000
12-Oct-15,123.03,123.43,122.91,123.21,4240000
9-Oct-15,121.97,122.64,121.9,122.28,9040000
8-Oct-15,123.29,123.37,121.66,121.96,12880000
7-Oct-15,122.81,123.33,122.51,122.99,6710000
6-Oct-15,122.55,123.6,122.41,123.4,5690000
5-Oct-15,123.72,123.83,122.78,122.87,11360000
2-Oct-15,125.59,126.21,124.18,124.56,13000000
1-Oct-15,124.08,124.52,123.66,123.81,9070000
30-Sep-15,123.41,123.8,123.12,123.54,9830000
29-Sep-15,123.54,124.29,123.25,123.97,9010000
28-Sep-15,122.2,123.77,122.2,123.62,9830000
25-Sep-15,121.65,121.93,121.27,121.54,8380000
24-Sep-15,123.17,123.68,122.49,122.6,9610000
23-Sep-15,121.62,122.07,120.99,121.77,6770000
22-Sep-15,121.44,122.39,121.14,121.78,9970000
21-Sep-15,121.01,121.11,119.78,120.11,10090000
18-Sep-15,121.21,122.2,121.13,122.1,14960000
17-Sep-15,118.88,120.37,118.73,120.25,19840000
16-Sep-15,118.96,119.44,118.55,118.8,6950000
15-Sep-15,120.89,121.05,119.12,119.25,11890000
14-Sep-15,121.95,122.14,121.28,121.58,4220000
11-Sep-15,121.47,122.08,121.33,121.39,5890000
10-Sep-15,121.02,121.19,120.45,120.63,6790000
9-Sep-15,119.63,121.71,119.56,121.45,7440000
8-Sep-15,121.38,121.56,120.76,120.87,7050000
4-Sep-15,122.45,122.93,121.82,122.68,7950000
3-Sep-15,121.38,121.67,120.71,121.57,7040000
2-Sep-15,121.42,121.98,120.86,120.98,9520000
1-Sep-15,121.64,122.09,120.98,122.03,15300000
31-Aug-15,123.36,123.47,121.34,121.42,8620000
28-Aug-15,123.15,123.47,122.23,122.36,9950000
27-Aug-15,121.82,122.87,121.65,122,9130000
26-Aug-15,123,123.51,121.36,121.93,16430000
25-Aug-15,124.55,124.79,123.56,124.33,15350000
24-Aug-15,128.31,128.92,125.82,126.36,16660000
21-Aug-15,126.16,126.74,125.59,126.4,10720000
20-Aug-15,125.37,126.1,125.18,126.02,9080000
19-Aug-15,123.06,124.93,122.99,124.76,10740000
18-Aug-15,123.8,124.29,123.38,123.54,5020000
17-Aug-15,124.71,125.1,124.39,124.52,7880000
14-Aug-15,123.47,124.37,123.2,123.96,4320000
13-Aug-15,123.83,124.42,123.22,123.67,7690000
12-Aug-15,124.93,125.71,124,124.07,8460000
11-Aug-15,124.3,125.13,124.16,124.75,11150000
10-Aug-15,123.41,123.57,122.52,122.8,7460000
7-Aug-15,123.3,124.5,123.24,124.34,8320000
6-Aug-15,122,122.87,122,122.73,6120000
5-Aug-15,121.77,121.91,121.19,121.65,7570000
4-Aug-15,123.16,123.32,122.46,122.57,6450000
3-Aug-15,122.32,123.75,122.32,123.55,11750000
31-Jul-15,122.44,122.9,122.06,122.53,9180000
30-Jul-15,121.21,121.93,121.15,121.63,6150000
29-Jul-15,121.02,121.17,120.42,120.7,6710000
28-Jul-15,121.16,121.57,120.9,121.15,9130000
27-Jul-15,122.19,122.29,121.48,122.04,8170000
24-Jul-15,121.5,121.55,120.92,121.39,7310000
23-Jul-15,119.6,121.2,119.45,121.09,9090000
22-Jul-15,119.01,119.9,118.95,119.6,6230000
21-Jul-15,117.68,118.93,117.66,118.86,5630000
20-Jul-15,118.29,118.64,117.9,118.22,5940000
17-Jul-15,118.37,118.89,118.36,118.72,7400000
16-Jul-15,116.89,118.16,116.87,118.11,7310000
15-Jul-15,116.11,117.55,116.04,117.3,8720000
14-Jul-15,116.02,116.27,115.66,116.07,4230000
13-Jul-15,115.39,116.46,115.39,115.69,8010000
10-Jul-15,116.04,116.72,115.76,116.05,13640000
9-Jul-15,118.7,119.12,117.85,117.92,11110000
8-Jul-15,120.02,120.57,119.5,120.29,9950000
7-Jul-15,119.66,120.49,118.95,119.26,16160000
6-Jul-15,118.05,118.65,117.06,118.15,10610000
2-Jul-15,116.32,116.66,115.88,116,6680000
1-Jul-15,115.82,116.36,115.43,115.62,12450000
30-Jun-15,117.4,118.7,117.33,117.46,13470000
29-Jun-15,116.96,118.67,116.46,118.28,17130000
26-Jun-15,115.67,115.87,114.88,115.23,11670000
25-Jun-15,116.59,117.08,116.19,116.54,8290000
24-Jun-15,116.51,117.17,116.16,116.95,8600000
23-Jun-15,115.73,116.96,115.69,115.95,8950000
22-Jun-15,117.84,118.14,116.59,116.65,9770000
19-Jun-15,118.51,119.18,118.49,119.08,10440000
18-Jun-15,117.37,117.74,116.75,117.57,10120000
17-Jun-15,118.5,118.63,117.25,118.15,13630000
16-Jun-15,118.61,119.08,117.94,119.07,7050000
15-Jun-15,118.89,119.06,117.74,118.14,8190000
12-Jun-15,117.59,119.07,117.55,117.95,7860000
11-Jun-15,116.56,117.97,116.24,117.95,13850000
10-Jun-15,115.92,116.13,115.26,115.52,12180000
9-Jun-15,117.06,117.13,116.11,116.54,12390000
8-Jun-15,117.96,118.16,117.37,117.47,5330000
5-Jun-15,117.84,118.57,117.38,117.6,11200000
4-Jun-15,118.26,119.29,118.14,119.05,10860000
3-Jun-15,118.39,118.6,117.19,117.52,14810000
2-Jun-15,120.17,120.26,119.11,119.44,10080000
1-Jun-15,122.11,122.38,120.69,121.13,13110000
29-May-15,123.23,123.57,122.51,122.71,7910000
28-May-15,122.5,123.03,122.22,122.44,6240000
27-May-15,122.18,122.86,121.61,122.74,6490000
26-May-15,120.84,122.55,120.74,122.46,10470000
22-May-15,120.65,120.75,119.8,120.4,5420000
21-May-15,119.58,120.61,119.45,120.35,11760000
20-May-15,118.77,119.45,118.18,118.69,7790000
19-May-15,118.27,119.84,118.13,118.49,8440000
18-May-15,120.32,120.43,119.47,119.55,10210000
15-May-15,120.38,121.91,120.29,121.59,12630000
14-May-15,118.92,119.83,118.69,119.2,9130000
13-May-15,120.65,120.72,118.64,118.88,15760000
12-May-15,119.14,120.63,118.82,119.84,15860000
11-May-15,121.62,121.65,119.5,119.53,13740000
8-May-15,123.38,123.55,122.31,122.51,11720000
7-May-15,121.43,122.57,121.35,122.18,11930000
6-May-15,121.99,122.06,120.37,120.56,14360000
5-May-15,122.86,123.03,121.69,122.66,13940000
4-May-15,124.3,124.53,122.72,122.83,9140000
1-May-15,124.73,125.04,123.69,124,12380000
30-Apr-15,125.04,126.17,124.51,125.95,12880000
29-Apr-15,125.81,126.44,125.28,125.73,11550000
28-Apr-15,128.17,128.74,127.26,127.29,7460000
27-Apr-15,129.07,129.5,128.37,129.07,4330000
24-Apr-15,128.64,129.43,128.59,129.07,4770000
23-Apr-15,127.8,128.85,127.61,128.27,6840000
22-Apr-15,129.5,129.55,127.54,127.72,9710000
21-Apr-15,130.23,130.45,129.56,129.7,4560000
20-Apr-15,130.94,131.01,129.93,130.29,4950000
17-Apr-15,129.77,131.7,129.7,131.45,7270000
16-Apr-15,130.83,130.86,129.41,129.96,7090000
15-Apr-15,131.05,131.27,130.32,130.61,4430000
14-Apr-15,131.31,131.86,130.48,130.72,6080000
13-Apr-15,129.53,129.98,129.39,129.8,4010000
10-Apr-15,130.32,130.45,129.55,129.62,4840000
9-Apr-15,130.87,130.92,129.13,129.43,6480000
8-Apr-15,131.02,131.36,130.02,131.13,5380000
7-Apr-15,130.23,131.22,129.85,131.09,4760000
6-Apr-15,131.43,131.48,129.72,130,5920000
2-Apr-15,131.93,131.97,130.61,130.73,6660000
1-Apr-15,131.33,132.48,131.3,132.13,9270000
31-Mar-15,130.24,130.96,129.91,130.69,6840000
30-Mar-15,130.9,131,130.09,130.41,7010000
27-Mar-15,130.03,131.13,129.98,131.06,7910000
26-Mar-15,131.05,131.14,129.18,129.45,9540000
25-Mar-15,132.72,132.76,131.46,131.5,5640000
24-Mar-15,131.83,132.64,131.48,132.62,6710000
23-Mar-15,131.7,131.75,130.99,131.35,5560000
20-Mar-15,131.22,131.7,131.14,131.51,5950000
19-Mar-15,131.2,131.62,130.27,130.82,9540000
18-Mar-15,129.91,131.53,128.61,131.49,13980000
17-Mar-15,128.55,129.11,128.28,129,6310000
16-Mar-15,127.94,128.15,127.27,127.94,6370000
13-Mar-15,126.76,127.59,126.49,126.72,7250000
12-Mar-15,128.2,128.2,126.72,127.11,10300000
11-Mar-15,126.26,127.46,126.12,127.2,6660000
10-Mar-15,125.97,126.44,125.76,126.28,9280000
9-Mar-15,124.68,124.87,124.13,124.64,8890000
6-Mar-15,124.67,124.83,122.97,123.5,20020000
5-Mar-15,126.53,126.88,125.9,126.29,6040000
4-Mar-15,126.94,127.04,126.16,126.45,6480000
3-Mar-15,126.89,127.37,126.38,126.41,8600000
2-Mar-15,129,129.07,126.77,126.87,11320000
27-Feb-15,129.02,129.62,128.27,129.53,9230000
26-Feb-15,129.7,130.3,128.4,128.45,11020000
25-Feb-15,129.46,130.38,129.08,130.23,8020000
24-Feb-15,127.65,129.79,127.18,129.67,11960000
23-Feb-15,127.19,128.17,127.16,127.99,7500000
20-Feb-15,127.05,128.01,126,126.54,12500000
19-Feb-15,126.78,127.44,126.17,126.17,8580000
18-Feb-15,126.82,127.74,126.47,127.01,14010000
17-Feb-15,127.8,127.93,125.92,126.26,14970000
13-Feb-15,129.51,129.53,128.09,128.19,8330000
12-Feb-15,129.66,130.54,129.45,129.52,12550000
11-Feb-15,129.7,130.27,128.96,129.95,6510000
10-Feb-15,130.14,130.47,129.44,129.71,8290000
9-Feb-15,131.97,131.98,130.75,130.75,8030000
6-Feb-15,132.05,132.35,130.59,130.96,13690000
5-Feb-15,134,134.23,133.11,133.32,8330000
4-Feb-15,133.49,134.99,133.12,134.8,11360000
3-Feb-15,135.65,135.79,134.37,134.57,14010000
2-Feb-15,136.7,137.92,136.66,137.48,13690000
30-Jan-15,137.71,138.5,137.18,138.28,14870000
29-Jan-15,136.12,136.67,135.46,135.87,8880000
28-Jan-15,134.75,137.41,134.7,136.77,12230000
27-Jan-15,135.73,136.13,134.15,134.57,8080000
26-Jan-15,134.84,135.19,134.05,134.36,5970000
23-Jan-15,134.3,135.12,134.15,134.77,7330000
22-Jan-15,134,134.18,132.28,132.92,10200000
21-Jan-15,135.2,135.59,132.96,133.4,9800000
20-Jan-15,134.13,135.11,134.07,134.96,7760000
16-Jan-15,134.33,134.68,133.03,133.19,9390000
15-Jan-15,132.85,135.03,132.68,134.91,11450000
14-Jan-15,133.72,134.12,132.7,132.82,12320000
13-Jan-15,131.39,132.61,131.14,131.82,8260000
12-Jan-15,131,132.31,130.92,131.82,6660000
9-Jan-15,129.2,131.11,129.04,131.07,9400000
8-Jan-15,130.36,130.37,129.42,129.65,8060000
7-Jan-15,130.7,131.97,130.17,131.39,9760000
6-Jan-15,130.7,132.49,130.19,131.65,18330000
5-Jan-15,128.01,129.63,127.96,129.32,9790000
2-Jan-15,126.29,127.66,126.15,127.32,9430000
31-Dec-14,125.7,126.17,125.65,125.92,4990000
30-Dec-14,125.98,126.21,125.53,125.68,4370000
29-Dec-14,124.91,125.66,124.81,125.34,4070000
26-Dec-14,124.55,124.59,124.02,124.41,2920000
24-Dec-14,123.06,124.06,122.93,123.95,4870000
23-Dec-14,125.45,125.6,123.49,123.54,7410000
22-Dec-14,125.45,126.19,125.32,126.04,4120000
19-Dec-14,124.58,125.95,124.44,125.87,7890000
18-Dec-14,124.93,125.1,124.2,124.2,12760000
17-Dec-14,126.91,127.19,125.7,126.45,11560000
16-Dec-14,127.36,127.72,126.36,127.6,7430000
15-Dec-14,125.64,126.7,125.43,126.04,9390000
12-Dec-14,125.45,126.35,125.02,126.3,9320000
11-Dec-14,123.74,124.61,123.29,124.61,7860000
10-Dec-14,123.18,124.4,123.08,124.1,6440000
9-Dec-14,123.6,123.97,122.96,123.2,6640000
8-Dec-14,121.42,122.83,121.14,122.57,6020000
5-Dec-14,121.57,121.6,120.52,121.09,8030000
4-Dec-14,120.75,121.8,120.62,121.8,4250000
3-Dec-14,120.3,120.8,120.13,120.79,4870000
2-Dec-14,120.84,120.85,120.29,120.32,5760000
1-Dec-14,122.68,122.81,121.46,121.5,7730000
28-Nov-14,122.13,122.67,122.13,122.49,4560000
26-Nov-14,121.64,121.87,121.47,121.53,4340000
25-Nov-14,120.37,121.27,120.31,121.2,6770000
24-Nov-14,119.67,120.27,119.55,120.2,4030000
21-Nov-14,119.57,120.16,119.52,120.1,3640000
20-Nov-14,119.9,119.95,119.06,119.38,5680000
19-Nov-14,118.88,119.58,118.76,118.76,5790000
18-Nov-14,119.32,119.58,119.16,119.52,4470000
17-Nov-14,119.78,119.79,118.88,119.19,4730000
14-Nov-14,118.84,119.59,118.68,119.49,5190000
13-Nov-14,118.7,119.18,118.43,118.91,4480000
12-Nov-14,119.2,119.53,118.44,118.63,4040000
11-Nov-14,118.48,118.81,118.34,118.73,2420000
10-Nov-14,119.58,119.58,118.56,118.65,4790000
7-Nov-14,118.72,119.75,118.68,119.75,8550000
6-Nov-14,118.6,118.93,118.31,118.39,5900000
5-Nov-14,118.91,119.37,118.82,119.16,4800000
4-Nov-14,119.42,119.91,119.08,119.33,3660000
3-Nov-14,118.9,119.16,118.21,118.96,9730000
31-Oct-14,119.34,119.71,118.83,119.25,6660000
30-Oct-14,120.32,120.46,119.51,119.56,7020000
29-Oct-14,118.96,119.82,118.42,119.46,9110000
28-Oct-14,119.48,119.65,119.08,119.19,5140000
27-Oct-14,119.89,120.26,119.66,119.94,3390000
24-Oct-14,119.93,120.41,119.47,119.72,5700000
23-Oct-14,120.04,120.18,119.06,119.6,10940000
22-Oct-14,120.47,120.85,120.22,120.67,9260000
21-Oct-14,120.84,121.24,120.53,120.54,9760000
20-Oct-14,121.78,121.85,120.94,121.51,7740000
17-Oct-14,121.19,121.71,120.48,121.07,8520000
16-Oct-14,124.12,124.13,121.44,121.75,18100000
15-Oct-14,124.58,127.68,121.84,122.53,37410000
14-Oct-14,121.31,121.78,120.68,121.57,11290000
13-Oct-14,120.16,121.17,120.05,120.78,6450000
10-Oct-14,119.52,120.08,119.31,120.05,8780000
9-Oct-14,119.27,119.67,118.78,118.87,10290000
8-Oct-14,119.45,119.52,118.51,119.39,9390000
7-Oct-14,118.31,119.43,118.18,119.36,8840000
6-Oct-14,117.62,118.19,117.36,117.77,4490000
3-Oct-14,117,117.77,116.82,117.7,8560000
2-Oct-14,117.83,118.2,117.14,117.2,8250000
1-Oct-14,116.89,118.26,116.83,118.23,17190000
30-Sep-14,116.66,117.04,116.13,116.27,7280000
29-Sep-14,117,117.17,116.66,116.93,6790000
26-Sep-14,116.02,116.29,115.62,116,7800000
25-Sep-14,115.31,116.18,115.31,116.17,8950000
24-Sep-14,115.29,115.55,114.64,114.81,5220000
23-Sep-14,114.91,115.47,114.77,115.45,6370000
22-Sep-14,114.66,115.04,114.44,114.74,6620000
19-Sep-14,113.58,114.68,113.2,114.6,13240000
18-Sep-14,113.18,113.48,112.85,113.16,7030000
17-Sep-14,113.53,113.83,112.73,112.8,12920000
16-Sep-14,113.61,113.86,113.08,113.09,9310000
15-Sep-14,113.85,114.07,113.36,113.55,5510000
12-Sep-14,113.69,113.92,113.22,113.38,11120000
11-Sep-14,115.26,115.54,114.57,114.58,9270000
10-Sep-14,114.97,115.12,114.79,114.96,8730000
9-Sep-14,115.49,115.89,115.45,115.69,5360000
8-Sep-14,116.41,116.63,115.45,115.78,9330000
5-Sep-14,116.44,116.6,115.44,115.73,6890000
4-Sep-14,116.62,116.88,115.93,115.95,12530000
3-Sep-14,116.4,117.38,116.31,117.38,6550000
2-Sep-14,117.28,117.38,116.7,116.73,10510000
29-Aug-14,118.92,119.43,118.75,119.05,8510000
28-Aug-14,119.13,119.37,118.67,118.97,9460000
27-Aug-14,117.7,118.41,117.4,118.35,7270000
26-Aug-14,117.94,117.99,117.21,117.35,5490000
25-Aug-14,117.45,117.78,117.21,117.73,5760000
22-Aug-14,116.74,117.43,116.21,117.29,10150000
21-Aug-14,116.07,116.76,116.02,116.64,6790000
20-Aug-14,116.04,116.11,115.57,115.99,7280000
19-Aug-14,117.08,117.15,115.98,116.18,5940000
18-Aug-14,117.21,117.3,116.39,116.54,7600000
15-Aug-14,116.71,118.36,116.69,117.71,17610000
14-Aug-14,115.93,116.5,115.39,116.44,9030000
13-Aug-14,114.87,115.52,114.78,115.51,8210000
12-Aug-14,115.41,115.44,114.73,114.76,8130000
11-Aug-14,115.65,115.82,115.29,115.51,6670000
8-Aug-14,115.93,116.42,115.38,115.52,9540000
7-Aug-14,114.84,115.77,114.57,115.77,9750000
6-Aug-14,115.47,115.47,114.6,114.7,7290000
5-Aug-14,114.07,114.8,113.68,114.63,8040000
4-Aug-14,114.53,114.81,114.26,114.26,5180000
1-Aug-14,113.58,114.87,113.05,114.56,14950000
31-Jul-14,113.53,114.58,113.47,113.98,18250000
30-Jul-14,115.15,115.38,114.17,114.32,12260000
29-Jul-14,115.87,116.07,115.42,115.93,6580000
28-Jul-14,115.59,115.9,115.12,115.51,5140000
25-Jul-14,115.34,115.68,115.16,115.67,7040000
24-Jul-14,114.52,114.58,114.25,114.32,6610000
23-Jul-14,115.51,115.63,115.17,115.18,3490000
22-Jul-14,115.09,115.46,114.65,115.33,5750000
21-Jul-14,115.01,115.63,115.01,115.09,5730000
18-Jul-14,114.88,114.96,114.11,114.52,6680000
17-Jul-14,114.23,115.05,113.94,114.89,10910000
16-Jul-14,113,113.58,112.94,113.46,4620000
15-Jul-14,112.83,113.47,112.5,112.86,7720000
14-Jul-14,113.28,113.41,112.93,113.09,4740000
11-Jul-14,113.35,113.68,113.28,113.58,4680000
10-Jul-14,113.54,113.66,112.82,112.86,7200000
9-Jul-14,112.66,113.14,112.38,112.83,6400000
8-Jul-14,112.24,112.86,112.24,112.74,6350000
7-Jul-14,111.27,111.81,111.23,111.49,5930000
3-Jul-14,110.38,110.86,110.34,110.68,6170000
2-Jul-14,111.63,111.67,110.97,111.08,9380000
1-Jul-14,112.5,112.74,112.2,112.28,8020000
30-Jun-14,113.56,113.8,113.09,113.52,5590000
27-Jun-14,113.68,113.82,113.17,113.24,7220000
26-Jun-14,113.21,113.8,113.21,113.41,6630000
25-Jun-14,113.1,113.36,112.68,112.87,5700000
24-Jun-14,112.15,112.65,111.82,112.58,9700000
23-Jun-14,112.08,112.18,111.41,111.45,5820000
20-Jun-14,110.97,111.8,110.9,111.8,7320000
19-Jun-14,112.51,112.56,110.74,110.96,14220000
18-Jun-14,111.8,112.76,111.56,112.4,11260000
17-Jun-14,112.07,112.09,111.48,111.54,6670000
16-Jun-14,112.21,112.63,112.1,112.43,5180000
13-Jun-14,111.57,112.62,111.53,112.15,5410000
12-Jun-14,111.3,112.35,111,112.21,9780000
11-Jun-14,111.26,111.54,110.85,111.22,5580000
10-Jun-14,111.04,111.27,110.83,111.02,5990000
9-Jun-14,111.45,111.64,111.2,111.43,5170000
6-Jun-14,112.13,112.41,111.49,111.59,7830000
5-Jun-14,111.13,111.97,111.01,111.59,6920000
4-Jun-14,111.76,111.82,111.27,111.54,7880000
3-Jun-14,112.41,112.54,111.51,111.57,12690000
2-Jun-14,113.04,113.68,112.55,112.96,11730000
30-May-14,113.96,114.4,113.81,114.1,6520000
29-May-14,114.87,115.19,114.13,114.15,10690000
28-May-14,114.1,114.84,114.09,114.76,10360000
27-May-14,112.85,113.4,112.4,113.36,6660000
23-May-14,112.52,112.91,112.45,112.7,3840000
22-May-14,112.26,112.4,111.79,112.1,6500000
21-May-14,112.22,112.4,111.87,112.26,8230000
20-May-14,112.6,113.48,112.59,112.95,6550000
19-May-14,113.93,113.96,112.62,112.7,7400000
16-May-14,113.61,114,113.42,113.54,5020000
15-May-14,113.78,114.41,113.6,113.86,12630000
14-May-14,112.63,113.23,112.56,112.96,8850000
13-May-14,111.44,111.75,111.33,111.75,5500000
12-May-14,111.01,111.13,110.54,110.79,4560000
9-May-14,111.53,111.81,110.98,111.24,6000000
8-May-14,112.34,112.76,111.46,111.6,10880000
7-May-14,112.31,112.57,111.94,112.08,8200000
6-May-14,112.11,112.7,112.04,112.48,6520000
5-May-14,112.76,112.81,111.89,112.03,8040000
2-May-14,111.54,113.1,111.3,112.71,12700000
1-May-14,110.88,112.08,110.84,112.02,11560000
30-Apr-14,110.72,111.26,110.38,111.1,7720000
29-Apr-14,110.17,110.73,110.04,110.64,5240000
28-Apr-14,111.11,111.28,110.55,110.79,7610000
25-Apr-14,111.49,111.99,111.32,111.33,5980000
24-Apr-14,110.45,111.21,110.45,111.17,6340000
23-Apr-14,110.6,111.05,110.53,110.96,5750000
22-Apr-14,109.66,110.49,109.61,110.33,5750000
21-Apr-14,110.37,110.62,109.84,109.96,4320000
17-Apr-14,111.37,111.45,109.7,110.05,8620000
16-Apr-14,110.43,111.27,110.38,111.27,5520000
15-Apr-14,110.61,111.51,110.35,111.13,7750000
14-Apr-14,110.48,110.7,110.3,110.44,4140000
11-Apr-14,110.54,110.79,110.13,110.73,10270000
10-Apr-14,108.92,110.22,108.9,109.84,12710000
9-Apr-14,108.88,109.35,108.64,108.83,5770000
8-Apr-14,109.03,109.47,108.72,109.37,4210000
7-Apr-14,108.62,109.29,108.6,109.11,7560000
4-Apr-14,107.87,108.69,107.85,108.46,8980000
3-Apr-14,107.52,107.93,107.44,107.74,4940000
2-Apr-14,107.39,107.55,107.17,107.27,6890000
1-Apr-14,108.26,108.36,107.84,107.89,9070000
31-Mar-14,108.74,111.07,108.34,109.1,7490000
28-Mar-14,109.86,109.89,109.02,109.37,6030000
27-Mar-14,109.64,110.39,109.42,109.99,9770000
26-Mar-14,108.55,109.47,108.48,109.44,7150000
25-Mar-14,108.41,108.82,108.17,108.59,5030000
24-Mar-14,108.05,109.09,107.95,109,7540000
21-Mar-14,107.41,108.32,107.37,108.23,8990000
20-Mar-14,107.09,107.63,106.99,107.07,5220000
19-Mar-14,107.92,107.98,106.81,107.26,11560000
18-Mar-14,107.68,108.15,107.6,108.1,4820000
17-Mar-14,108.18,108.3,107.67,107.71,7380000
14-Mar-14,108.97,108.98,108.32,108.52,9240000
13-Mar-14,106.7,108.53,106.65,108.5,11820000
12-Mar-14,106.92,107.26,106.78,107.06,6430000
11-Mar-14,105.98,106.34,105.78,106.32,3820000
10-Mar-14,105.94,106.11,105.78,106.04,3740000
7-Mar-14,105.64,106.17,105.6,105.89,8270000
6-Mar-14,106.76,106.97,106.52,106.56,7420000
5-Mar-14,107.34,107.78,107.2,107.62,4800000
4-Mar-14,108.35,108.35,107.36,107.39,8070000
3-Mar-14,108.88,109.18,108.64,109.03,11100000
28-Feb-14,108.28,108.74,107.78,108.57,8460000
27-Feb-14,108.28,108.56,108.1,108.51,5390000
26-Feb-14,107.31,107.92,107.24,107.92,7230000
25-Feb-14,106.91,107.36,106.89,107.35,6230000
24-Feb-14,106.7,106.74,106.17,106.4,3820000
21-Feb-14,105.95,106.68,105.95,106.67,5250000
20-Feb-14,106.32,106.63,105.69,106.11,5100000
19-Feb-14,107.18,107.18,106.3,106.37,5520000
18-Feb-14,106.66,107.2,106.62,106.82,4860000
14-Feb-14,106.57,106.64,106.27,106.58,5000000
13-Feb-14,106.59,106.73,106.29,106.52,6870000
12-Feb-14,106.17,106.21,105.62,105.92,6720000
11-Feb-14,106.61,106.69,106.16,106.47,5900000
10-Feb-14,106.61,107.12,106.57,107.09,4370000
7-Feb-14,106.46,107.22,106.44,106.79,7090000
6-Feb-14,106.97,107.02,106.52,106.7,5710000
5-Feb-14,107.69,107.78,107.01,107.16,10310000
4-Feb-14,108.52,108.67,107.97,108.16,9570000
3-Feb-14,107.79,109.34,107.61,109.32,20780000
31-Jan-14,108.2,108.41,107.85,108.28,14690000
30-Jan-14,107.47,107.67,107.11,107.56,5960000
29-Jan-14,107.37,108.15,106.99,107.87,11720000
28-Jan-14,106.91,106.99,106.55,106.99,5670000
27-Jan-14,107.22,107.6,106.7,106.73,9220000
24-Jan-14,107.19,107.49,106.99,107.48,11510000
23-Jan-14,105.88,107.09,105.88,106.79,12960000
22-Jan-14,105.37,105.75,105.24,105.3,4650000
21-Jan-14,105.45,105.74,105.4,105.56,6440000
17-Jan-14,104.86,105.52,104.79,105.48,7590000
16-Jan-14,104.85,105.07,104.72,105.04,7140000
15-Jan-14,104.04,104.51,103.93,104.34,7510000
14-Jan-14,104.65,104.83,104.39,104.45,10340000
13-Jan-14,104.51,105.14,104.46,104.93,9670000
10-Jan-14,103.77,104.54,103.69,104.41,13200000
9-Jan-14,102.97,103.21,102.51,103.18,6990000
8-Jan-14,102.45,102.69,102.1,102.58,8510000
7-Jan-14,102.82,102.99,102.56,102.86,4430000
6-Jan-14,102.38,103,102.37,102.6,7800000
3-Jan-14,101.81,102.45,101.76,102.17,4080000
2-Jan-14,101.72,102.39,101.69,102.17,8580000
31-Dec-13,102.29,102.55,101.17,101.86,7220000
30-Dec-13,102.15,102.58,102.08,102.51,4490000
27-Dec-13,102.07,102.31,101.69,101.81,4760000
26-Dec-13,102.35,102.36,102.01,102.1,4650000
24-Dec-13,103.23,103.35,102.8,102.83,4900000
23-Dec-13,104.05,104.41,103.66,103.66,6380000
20-Dec-13,103.72,104.29,103.3,104.25,12430000
19-Dec-13,102.86,103.01,102.45,102.67,6710000
18-Dec-13,102.83,103.72,102.46,102.77,12970000
17-Dec-13,102.61,103.4,102.59,103.29,6020000
16-Dec-13,103.58,103.69,102.73,102.83,6380000
13-Dec-13,103.14,103.3,102.79,103.21,6470000
12-Dec-13,103.03,103.16,102.63,102.71,6210000
11-Dec-13,103.55,103.77,103.02,103.1,8190000
10-Dec-13,103.84,103.95,103.45,103.9,7040000
9-Dec-13,102.9,103.23,102.83,103.16,5680000
6-Dec-13,102.56,102.99,102.36,102.92,7350000
5-Dec-13,102.48,102.85,102.22,102.43,7450000
4-Dec-13,102.75,103.05,102.38,102.72,8500000
3-Dec-13,103.7,103.96,103.46,103.71,5080000
2-Dec-13,103.8,103.91,103.22,103.33,7530000
29-Nov-13,104.08,104.6,103.95,104.45,5080000
27-Nov-13,104.68,104.7,103.96,104.42,6060000
26-Nov-13,104.49,104.93,104.48,104.6,6660000
25-Nov-13,103.84,104.42,103.84,104.21,3760000
22-Nov-13,103.49,104.13,103.48,103.91,7950000
21-Nov-13,102.51,103.19,102.16,102.95,8900000
20-Nov-13,104.42,104.84,102.65,102.78,14190000
19-Nov-13,104.95,105.14,104.41,104.56,7250000
18-Nov-13,104.65,105.41,104.65,105.36,5450000
15-Nov-13,104.66,104.74,104.31,104.73,6340000
14-Nov-13,104.31,105.12,104.15,104.52,8900000
13-Nov-13,103.87,104.04,103.74,103.88,5780000
12-Nov-13,103.21,103.59,103.18,103.5,4840000
11-Nov-13,103.53,103.58,102.96,103.02,4930000
8-Nov-13,103.97,104.11,103.39,103.41,16890000
7-Nov-13,105.05,106.05,104.97,105.96,7890000
6-Nov-13,104.94,105.14,104.69,105.07,5640000
5-Nov-13,105.79,105.83,104.99,105.02,8750000
4-Nov-13,106.47,106.67,106.22,106.29,4730000
1-Nov-13,106.97,107,106.14,106.19,11350000
31-Oct-13,107.91,108.01,107.14,107.64,11450000
30-Oct-13,107.93,108.21,107.21,107.41,10200000
29-Oct-13,107.62,108.07,107.51,108.06,5270000
28-Oct-13,108.01,108.38,107.91,107.92,6470000
25-Oct-13,108.13,108.45,108.08,108.29,4430000
24-Oct-13,108.61,108.67,107.87,107.89,7630000
23-Oct-13,108.07,108.73,108.04,108.31,9170000
22-Oct-13,107.6,108.12,107.56,107.89,9710000
21-Oct-13,106.91,106.92,106.46,106.7,6160000
18-Oct-13,107.11,107.48,106.98,107.04,9490000
17-Oct-13,106.52,107.12,106.29,106.81,11310000
16-Oct-13,104.47,105.86,104.27,105.85,14460000
15-Oct-13,105.15,105.3,104.53,104.54,8290000
14-Oct-13,105.39,105.64,104.33,104.61,4210000
11-Oct-13,106.16,106.23,105.41,105.46,6500000
10-Oct-13,104.8,105.53,104.51,105.49,9950000
9-Oct-13,105.87,105.94,105.29,105.32,8440000
8-Oct-13,105.98,106.51,105.83,106.17,5900000
7-Oct-13,106.2,106.36,105.98,106.14,5760000
4-Oct-13,105.67,105.78,105.35,105.71,5550000
3-Oct-13,105.75,106.41,105.7,105.79,6650000
2-Oct-13,105.93,106.48,105.76,105.96,5970000
1-Oct-13,105.9,106.03,105.53,105.8,7590000
30-Sep-13,106.66,106.9,106.18,106.4,8440000
27-Sep-13,106.29,106.82,106.25,106.56,6460000
26-Sep-13,106.48,106.62,106.19,106.3,5120000
25-Sep-13,106.54,107.28,106.39,107.05,8130000
24-Sep-13,105.99,106.84,105.85,106.83,11450000
23-Sep-13,105.21,105.73,105.11,105.69,10240000
20-Sep-13,104.69,105.18,104.45,104.93,8420000
19-Sep-13,105.05,105.09,104.16,104.37,11630000
18-Sep-13,103.63,105.55,102.98,104.99,19750000
17-Sep-13,103.37,103.74,102.97,103.71,8800000
16-Sep-13,104.33,104.41,102.85,102.86,8740000
13-Sep-13,103.51,103.83,103.23,103.55,6110000
12-Sep-13,103.85,104,103.06,103.15,6250000
11-Sep-13,102.92,103.31,102.19,103.29,8960000
10-Sep-13,102.73,103.34,102.36,102.38,8070000
9-Sep-13,103.8,103.81,103.08,103.1,6880000
6-Sep-13,103.25,103.82,102.81,103.05,9480000
5-Sep-13,103.47,103.6,102.53,102.54,12290000
4-Sep-13,104.45,104.65,103.95,103.99,4580000
3-Sep-13,104.59,104.67,103.51,104.22,12080000
30-Aug-13,106.02,106.68,105.74,105.99,8990000
29-Aug-13,104.88,106.31,104.79,106.11,6670000
28-Aug-13,105.41,105.57,104.94,105.27,7500000
27-Aug-13,105.29,106.25,105.04,106.13,11570000
26-Aug-13,104.56,104.89,104.33,104.81,5890000
23-Aug-13,103.01,104.39,102.74,104.29,17440000
22-Aug-13,102.46,103.23,102.24,103.17,8750000
21-Aug-13,102.77,103.2,102.11,102.13,13250000
20-Aug-13,102.89,103.36,102.85,103.26,10050000
19-Aug-13,102.93,103.01,102.21,102.47,9020000
16-Aug-13,103.96,103.97,102.67,103.37,10180000
15-Aug-13,104.1,104.63,103.69,103.73,11850000
14-Aug-13,104.94,105.36,104.87,105.15,6430000
13-Aug-13,105.33,105.36,104.8,104.99,11490000
12-Aug-13,107.61,107.63,106.47,106.53,7560000
9-Aug-13,106.6,107.26,106.48,107.26,3620000
8-Aug-13,106.98,107.6,106.79,107.09,5510000
7-Aug-13,106.17,106.94,106.17,106.8,7180000
6-Aug-13,105.53,106.01,105.34,106.01,4590000
5-Aug-13,106.19,106.25,105.54,105.7,6610000
2-Aug-13,106.01,106.61,105.98,106.52,9570000
1-Aug-13,106.49,106.49,105,105.36,13570000
31-Jul-13,106.06,107.92,105.85,107.7,10480000
30-Jul-13,107.71,107.76,107.05,107.31,3640000
29-Jul-13,107.65,107.82,107.07,107.35,6400000
26-Jul-13,108.04,108.28,107.64,108.14,6800000
25-Jul-13,106.97,107.6,106.81,107.48,6440000
24-Jul-13,107.65,107.89,106.79,107.52,8850000
23-Jul-13,108.67,109,108.32,108.9,5020000
22-Jul-13,109.36,109.69,109.13,109.36,3970000
19-Jul-13,108.31,109.21,108.25,109.2,8520000
18-Jul-13,108.61,108.67,107.48,107.5,9070000
17-Jul-13,109.19,109.36,108.66,108.86,5930000
16-Jul-13,108.43,108.76,108.27,108.66,3650000
15-Jul-13,107.8,108.32,107.7,108.29,4570000
12-Jul-13,108.34,108.47,107.34,107.72,4730000
11-Jul-13,107.45,107.87,106.94,107.81,10040000
10-Jul-13,107.39,107.39,106.3,106.56,10790000
9-Jul-13,107.49,107.62,107.07,107.4,4700000
8-Jul-13,107.07,107.56,106.95,107.29,8040000
5-Jul-13,107.28,107.5,106.17,106.26,14510000
3-Jul-13,110.31,110.65,110.01,110.01,3840000
2-Jul-13,110.5,110.8,110.24,110.34,5330000
1-Jul-13,109.73,110.5,109.43,110.41,5500000
28-Jun-13,109.01,110.48,108.72,110.44,12020000
27-Jun-13,109.54,109.97,108.95,109.69,12030000
26-Jun-13,109,109.05,108.04,108.58,13580000
25-Jun-13,108.9,109.02,107.86,107.88,11080000
24-Jun-13,107.83,109.39,107.76,108.85,24590000
21-Jun-13,110.15,110.41,108.37,108.4,19780000
20-Jun-13,110.75,111.21,109.28,110.27,27900000
19-Jun-13,113.74,113.79,111.62,112.11,17140000
18-Jun-13,112.85,113.68,112.72,113.28,5190000
17-Jun-13,114.02,114.08,113,113.22,5980000
14-Jun-13,114.1,114.66,113.82,113.82,6680000
13-Jun-13,113.07,114.17,112.89,114.09,12510000
12-Jun-13,113,113.83,112.27,112.33,10190000
11-Jun-13,112.27,113.96,112.12,113.96,12850000
10-Jun-13,112.7,113.12,112.38,112.62,7890000
7-Jun-13,114.22,114.83,113.16,113.16,10460000
6-Jun-13,114.88,116.79,114.41,115.22,8930000
5-Jun-13,114.29,115.32,114.13,115.29,8060000
4-Jun-13,113.96,114.49,113.66,113.72,7500000
3-Jun-13,113.78,115.49,113.7,114.78,15560000
31-May-13,114.97,115.02,113.17,114.45,18160000
30-May-13,115.25,115.37,114.53,114.84,10010000
29-May-13,114.62,115.18,114.46,115.12,11300000
28-May-13,116.09,116.27,113.82,113.84,13570000
24-May-13,116.98,117.42,116.71,116.8,5360000
23-May-13,117.15,117.24,115.77,116.64,9210000
22-May-13,118.02,118.55,115.8,116.09,18360000
21-May-13,116.93,117.87,116.42,117.84,7780000
20-May-13,117.63,117.67,116.79,116.92,5840000
17-May-13,117.95,118.15,116.98,117.06,7440000
16-May-13,117.97,118.94,117.93,118.56,8460000
15-May-13,117.53,117.72,116.42,117.34,14610000
14-May-13,118.35,118.44,116.54,116.56,9240000
13-May-13,117.88,118.19,117.63,117.84,8050000
10-May-13,119.76,119.79,117.85,118.75,11690000